DROP TABLE IF EXISTS `championships`;
CREATE TABLE `championships`( `id` int NOT NULL DEFAULT '0', `competition_id` varchar(191) CHARACTER SET utf8mb4 COLLATE utf8mb4_unicode_ci NOT NULL, `championship_type` varchar(191) CHARACTER SET utf8mb4 COLLATE utf8mb4_unicode_ci NOT NULL) ENGINE=InnoDB DEFAULT CHARSET=utf8mb4 COLLATE=utf8mb4_unicode_ci;

DROP TABLE IF EXISTS `competitions`;
CREATE TABLE `competitions`( `id` varchar(32) CHARACTER SET utf8mb4 COLLATE utf8mb4_unicode_ci NOT NULL DEFAULT '', `name` varchar(50) CHARACTER SET utf8mb4 COLLATE utf8mb4_unicode_ci NOT NULL DEFAULT '', `city_name` varchar(50) CHARACTER SET utf8mb4 COLLATE utf8mb4_unicode_ci NOT NULL DEFAULT '', `country_id` varchar(50) CHARACTER SET utf8mb4 COLLATE utf8mb4_unicode_ci NOT NULL DEFAULT '', `information` mediumtext CHARACTER SET utf8mb4 COLLATE utf8mb4_unicode_ci, `year` smallint unsigned NOT NULL DEFAULT '0', `month` smallint unsigned NOT NULL DEFAULT '0', `day` smallint unsigned NOT NULL DEFAULT '0', `end_year` smallint unsigned NOT NULL DEFAULT '0', `end_month` smallint unsigned NOT NULL DEFAULT '0', `end_day` smallint unsigned NOT NULL DEFAULT '0', `cancelled` int NOT NULL DEFAULT '0', `event_specs` longtext CHARACTER SET utf8mb4 COLLATE utf8mb4_unicode_ci, `delegates` mediumtext CHARACTER SET utf8mb4 COLLATE utf8mb4_unicode_ci, `organizers` mediumtext CHARACTER SET utf8mb4 COLLATE utf8mb4_unicode_ci, `venue` varchar(240) CHARACTER SET utf8mb4 COLLATE utf8mb4_unicode_ci NOT NULL DEFAULT '', `venue_address` varchar(120) CHARACTER SET utf8mb4 COLLATE utf8mb4_unicode_ci DEFAULT NULL, `venue_details` varchar(120) CHARACTER SET utf8mb4 COLLATE utf8mb4_unicode_ci DEFAULT NULL, `external_website` varchar(200) CHARACTER SET utf8mb4 COLLATE utf8mb4_unicode_ci DEFAULT NULL, `cell_name` varchar(45) CHARACTER SET utf8mb4 COLLATE utf8mb4_unicode_ci NOT NULL DEFAULT '', `latitude_microdegrees` int DEFAULT NULL, `longitude_microdegrees` int DEFAULT NULL) ENGINE=InnoDB DEFAULT CHARSET=utf8mb4 COLLATE=utf8mb4_unicode_ci;

DROP TABLE IF EXISTS `continents`;
CREATE TABLE `continents`( `id` varchar(50) CHARACTER SET utf8mb4 COLLATE utf8mb4_unicode_ci NOT NULL DEFAULT '', `name` varchar(50) CHARACTER SET utf8mb4 COLLATE utf8mb4_unicode_ci NOT NULL DEFAULT '', `record_name` char(3) CHARACTER SET utf8mb4 COLLATE utf8mb4_unicode_ci NOT NULL DEFAULT '') ENGINE=InnoDB DEFAULT CHARSET=utf8mb4 COLLATE=utf8mb4_unicode_ci;

DROP TABLE IF EXISTS `countries`;
CREATE TABLE `countries`( `id` varchar(50) CHARACTER SET utf8mb4 COLLATE utf8mb4_unicode_ci NOT NULL DEFAULT '', `name` varchar(50) CHARACTER SET utf8mb4 COLLATE utf8mb4_unicode_ci NOT NULL DEFAULT '', `continent_id` varchar(50) CHARACTER SET utf8mb4 COLLATE utf8mb4_unicode_ci NOT NULL DEFAULT '', `iso2` char(2) CHARACTER SET utf8mb4 COLLATE utf8mb4_unicode_ci DEFAULT NULL) ENGINE=InnoDB DEFAULT CHARSET=utf8mb4 COLLATE=utf8mb4_unicode_ci;

DROP TABLE IF EXISTS `eligible_country_iso2s_for_championship`;
CREATE TABLE `eligible_country_iso2s_for_championship`( `championship_type` varchar(191) CHARACTER SET utf8mb4 COLLATE utf8mb4_unicode_ci NOT NULL, `eligible_country_iso2` varchar(191) CHARACTER SET utf8mb4 COLLATE utf8mb4_unicode_ci NOT NULL) ENGINE=InnoDB DEFAULT CHARSET=utf8mb4 COLLATE=utf8mb4_unicode_ci;

DROP TABLE IF EXISTS `events`;
CREATE TABLE `events`( `id` varchar(6) CHARACTER SET utf8mb4 COLLATE utf8mb4_unicode_ci NOT NULL DEFAULT '', `name` varchar(54) CHARACTER SET utf8mb4 COLLATE utf8mb4_unicode_ci NOT NULL DEFAULT '', `rank` int NOT NULL DEFAULT '0', `format` varchar(10) CHARACTER SET utf8mb4 COLLATE utf8mb4_unicode_ci NOT NULL DEFAULT '') ENGINE=InnoDB DEFAULT CHARSET=utf8mb4 COLLATE=utf8mb4_unicode_ci;

DROP TABLE IF EXISTS `formats`;
CREATE TABLE `formats`( `id` char(1) CHARACTER SET utf8mb4 COLLATE utf8mb4_unicode_ci NOT NULL DEFAULT '', `name` varchar(50) CHARACTER SET utf8mb4 COLLATE utf8mb4_unicode_ci NOT NULL DEFAULT '', `sort_by` varchar(255) CHARACTER SET utf8mb4 COLLATE utf8mb4_unicode_ci NOT NULL, `sort_by_second` varchar(255) CHARACTER SET utf8mb4 COLLATE utf8mb4_unicode_ci NOT NULL, `expected_solve_count` int NOT NULL, `trim_fastest_n` int NOT NULL, `trim_slowest_n` int NOT NULL) ENGINE=InnoDB DEFAULT CHARSET=utf8mb4 COLLATE=utf8mb4_unicode_ci;

DROP TABLE IF EXISTS `persons`;
CREATE TABLE `persons`( `wca_id` varchar(10) CHARACTER SET utf8mb4 COLLATE utf8mb4_unicode_ci NOT NULL DEFAULT '', `sub_id` tinyint NOT NULL DEFAULT '1', `name` varchar(80) CHARACTER SET utf8mb4 COLLATE utf8mb4_unicode_ci DEFAULT NULL, `country_id` varchar(50) CHARACTER SET utf8mb4 COLLATE utf8mb4_unicode_ci NOT NULL DEFAULT '', `gender` char(1) CHARACTER SET utf8mb4 COLLATE utf8mb4_unicode_ci DEFAULT '') ENGINE=InnoDB DEFAULT CHARSET=utf8mb4 COLLATE=utf8mb4_unicode_ci;

DROP TABLE IF EXISTS `ranks_average`;
CREATE TABLE `ranks_average`( `person_id` varchar(10) CHARACTER SET utf8mb4 COLLATE utf8mb4_unicode_ci NOT NULL DEFAULT '', `event_id` varchar(6) CHARACTER SET utf8mb4 COLLATE utf8mb4_unicode_ci NOT NULL DEFAULT '', `best` int NOT NULL DEFAULT '0', `world_rank` int NOT NULL DEFAULT '0', `continent_rank` int NOT NULL DEFAULT '0', `country_rank` int NOT NULL DEFAULT '0') ENGINE=InnoDB DEFAULT CHARSET=utf8mb4 COLLATE=utf8mb4_unicode_ci;

DROP TABLE IF EXISTS `ranks_single`;
CREATE TABLE `ranks_single`( `person_id` varchar(10) CHARACTER SET utf8mb4 COLLATE utf8mb4_unicode_ci NOT NULL DEFAULT '', `event_id` varchar(6) CHARACTER SET utf8mb4 COLLATE utf8mb4_unicode_ci NOT NULL DEFAULT '', `best` int NOT NULL DEFAULT '0', `world_rank` int NOT NULL DEFAULT '0', `continent_rank` int NOT NULL DEFAULT '0', `country_rank` int NOT NULL DEFAULT '0') ENGINE=InnoDB DEFAULT CHARSET=utf8mb4 COLLATE=utf8mb4_unicode_ci;

DROP TABLE IF EXISTS `results`;
CREATE TABLE `results`( `id` bigint NOT NULL AUTO_INCREMENT, `competition_id` varchar(32) CHARACTER SET utf8mb4 COLLATE utf8mb4_unicode_ci NOT NULL DEFAULT '', `event_id` varchar(6) CHARACTER SET utf8mb4 COLLATE utf8mb4_unicode_ci NOT NULL DEFAULT '', `round_type_id` char(1) CHARACTER SET utf8mb4 COLLATE utf8mb4_unicode_ci NOT NULL DEFAULT '', `pos` smallint NOT NULL DEFAULT '0', `best` int NOT NULL DEFAULT '0', `average` int NOT NULL DEFAULT '0', `person_name` varchar(80) CHARACTER SET utf8mb4 COLLATE utf8mb4_unicode_ci DEFAULT NULL, `person_id` varchar(10) CHARACTER SET utf8mb4 COLLATE utf8mb4_unicode_ci NOT NULL DEFAULT '', `person_country_id` varchar(50) CHARACTER SET utf8mb4 COLLATE utf8mb4_unicode_ci DEFAULT NULL, `format_id` char(1) CHARACTER SET utf8mb4 COLLATE utf8mb4_unicode_ci NOT NULL DEFAULT '', `regional_single_record` char(3) CHARACTER SET utf8mb4 COLLATE utf8mb4_unicode_ci DEFAULT NULL, `regional_average_record` char(3) CHARACTER SET utf8mb4 COLLATE utf8mb4_unicode_ci DEFAULT NULL, PRIMARY KEY (`id`)) ENGINE=InnoDB DEFAULT CHARSET=utf8mb4 COLLATE=utf8mb4_unicode_ci;

DROP TABLE IF EXISTS `result_attempts`;
CREATE TABLE `result_attempts`( `value` int NOT NULL, `attempt_number` tinyint unsigned NOT NULL, `result_id` bigint NOT NULL) ENGINE=InnoDB DEFAULT CHARSET=utf8mb4 COLLATE=utf8mb4_unicode_ci;

DROP TABLE IF EXISTS `round_types`;
CREATE TABLE `round_types`( `id` char(1) CHARACTER SET utf8mb4 COLLATE utf8mb4_unicode_ci NOT NULL DEFAULT '', `rank` int NOT NULL DEFAULT '0', `name` varchar(50) CHARACTER SET utf8mb4 COLLATE utf8mb4_unicode_ci NOT NULL DEFAULT '', `cell_name` varchar(45) CHARACTER SET utf8mb4 COLLATE utf8mb4_unicode_ci NOT NULL DEFAULT '', `final` tinyint(1) NOT NULL) ENGINE=InnoDB DEFAULT CHARSET=utf8mb4 COLLATE=utf8mb4_unicode_ci;

DROP TABLE IF EXISTS `scrambles`;
CREATE TABLE `scrambles`( `id` bigint NOT NULL AUTO_INCREMENT, `competition_id` varchar(32) CHARACTER SET utf8mb4 COLLATE utf8mb4_unicode_ci NOT NULL, `event_id` varchar(6) CHARACTER SET utf8mb4 COLLATE utf8mb4_unicode_ci NOT NULL, `round_type_id` char(1) CHARACTER SET utf8mb4 COLLATE utf8mb4_unicode_ci NOT NULL, `group_id` varchar(3) CHARACTER SET utf8mb4 COLLATE utf8mb4_unicode_ci NOT NULL, `is_extra` tinyint(1) NOT NULL, `scramble_num` int NOT NULL, `scramble` text CHARACTER SET utf8mb4 COLLATE utf8mb4_unicode_ci NOT NULL, PRIMARY KEY (`id`)) ENGINE=InnoDB DEFAULT CHARSET=utf8mb4 COLLATE=utf8mb4_unicode_ci;

INSERT INTO `championships` (`id`, `competition_id`, `championship_type`)
VALUES
	(506, 'ACA5thAnniversary2020', 'AZ'),
	(328, 'ACARO2016', 'HK'),
	(170, 'AFSwedishCubeOpen2016', 'SE'),
	(326, 'AlbanianOpen2018', 'AL'),
	(414, 'AlbanianOpen2019', 'AL'),
	(296, 'Andorra2017', 'AD'),
	(487, 'Andorra2019', 'AD'),
	(426, 'ArnoldClassicAfrica2019', 'ZA'),
	(10, 'AsianChampionship2010', '_Asia'),
	(11, 'AsianChampionship2012', '_Asia'),
	(329, 'AsianChampionship2012', 'HK'),
	(12, 'AsianChampionship2014', '_Asia'),
	(98, 'AsianChampionship2014', 'JP'),
	(13, 'AsianChampionship2016', '_Asia'),
	(37, 'AsianChampionship2016', 'greater_china'),
	(354, 'AsianChampionship2018', '_Asia'),
	(21, 'AustralianNationals2010', 'AU'),
	(22, 'AustralianNationals2011', 'AU'),
	(23, 'AustralianNationals2012', 'AU'),
	(24, 'AustralianNationals2013', 'AU'),
	(25, 'AustralianNationals2014', 'AU'),
	(26, 'AustralianNationals2015', 'AU'),
	(27, 'AustralianNationals2016', 'AU'),
	(28, 'AustralianNationals2017', 'AU'),
	(389, 'AustralianNationals2018', 'AU'),
	(489, 'AustralianNationals2020', 'AU'),
	(508, 'AustralianNationals2021', 'AU'),
	(538, 'AustralianNationals2022', 'AU'),
	(582, 'AustralianNationals2023', 'AU'),
	(509, 'AustralianNationalsFMC2022', 'AU'),
	(611, 'AustralianNationalsFMC2023', 'AU'),
	(555, 'AzerbaijanNationals2022', 'AZ'),
	(324, 'BanjaLukaOpen2017', 'BA'),
	(350, 'BanjaLukaOpen2018', 'BA'),
	(442, 'BelarusNationals2019', 'BY'),
	(567, 'BelgianNationals2022', 'BE'),
	(322, 'BIHOpen2012', 'BA'),
	(29, 'BoliviaNationals2016', 'BO'),
	(367, 'BoliviaNationals2018', 'BO'),
	(490, 'BoliviaNationals2019', 'BO'),
	(630, 'BoliviaNationals2023', 'BO'),
	(323, 'BosniaandHerzegovinaOpen2016', 'BA'),
	(30, 'Brasileiro2013', 'BR'),
	(34, 'Brasileiro2016', 'BR'),
	(35, 'Brasileiro2017', 'BR'),
	(341, 'Brasileiro2018', 'BR'),
	(32, 'BrasileiroInverno2014', 'BR'),
	(473, 'CambodiaCubingChampionship2019', 'KH'),
	(438, 'CampeonatoBrasileiro2019', 'BR'),
	(136, 'CampeonatodePortugal2015', 'PT'),
	(214, 'CampeonatoNacionalPerubik2017', 'PE'),
	(215, 'CampeonatoSudamericano2013', '_South America'),
	(440, 'CanadianChampionship2019', 'CA'),
	(603, 'CanadianChampionship2023', 'CA'),
	(265, 'CanadianOpen2007', 'CA'),
	(264, 'CanadianOpen2009', 'CA'),
	(263, 'CanadianOpen2011', 'CA'),
	(262, 'CanadianOpen2013', 'CA'),
	(261, 'CanadianOpen2015', 'CA'),
	(260, 'CanadianOpen2017', 'CA'),
	(521, 'CancelledEstonianOpen2021', 'EE'),
	(36, 'ChinaChampionship2015', 'greater_china'),
	(38, 'ChinaChampionship2017', 'greater_china'),
	(365, 'ChinaChampionship2018', 'greater_china'),
	(433, 'ChinaChampionship2019', 'greater_china'),
	(501, 'ChinaChampionship2020', 'greater_china'),
	(416, 'ColombiaNationals2012', 'CO'),
	(417, 'ColombiaNationals2014', 'CO'),
	(374, 'ColombiaNationals2018', 'CO'),
	(585, 'ColombiaNationals2022', 'CO'),
	(359, 'CostaRicaNationals2018', 'CR'),
	(451, 'CroatianNationals2019', 'HR'),
	(313, 'CroatianOpen2011', 'HR'),
	(314, 'CroatianOpen2014', 'HR'),
	(315, 'CroatianOpen2015', 'HR'),
	(316, 'CroatianOpen2016', 'HR'),
	(317, 'CroatianOpen2017', 'HR'),
	(385, 'CroatianOpen2018', 'HR'),
	(478, 'CubingKazakhstanNationals2019', 'KZ'),
	(520, 'CubingKazakhstanNationals2021', 'KZ'),
	(579, 'CubingKazakhstanNationals2022', 'KZ'),
	(211, 'CubingUSANationals2017', 'US'),
	(289, 'CubingUSANationals2018', 'US'),
	(409, 'CubingUSANationals2019', 'US'),
	(591, 'CubingUSANationals2023', 'US'),
	(631, 'CubingZANationalChampionship2023', 'ZA'),
	(571, 'CyprusChampionship2022', 'CY'),
	(590, 'DanaMallBahrainOpen2022', 'BH'),
	(510, 'DanishChampionship2020', 'DK'),
	(525, 'DanishChampionship2021', 'DK'),
	(551, 'DanishChampionship2022', 'DK'),
	(633, 'DanishChampionship2023', 'DK'),
	(570, 'DanishFMChampionship2022', 'DK'),
	(632, 'DanishFMChampionship2023', 'DK'),
	(242, 'DanishOpen2008', 'DK'),
	(243, 'DanishOpen2009', 'DK'),
	(244, 'DanishOpen2010', 'DK'),
	(245, 'DanishOpen2011', 'DK'),
	(246, 'DanishOpen2012', 'DK'),
	(247, 'DanishOpen2013', 'DK'),
	(418, 'DanishOpen2014', 'DK'),
	(419, 'DanishOpen2015', 'DK'),
	(248, 'DanishOpen2016', 'DK'),
	(249, 'DanishOpen2017', 'DK'),
	(363, 'DanishOpen2018', 'DK'),
	(439, 'DanishOpen2019', 'DK'),
	(106, 'DutchNationals2010', 'NL'),
	(107, 'DutchNationals2011', 'NL'),
	(108, 'DutchNationals2014', 'NL'),
	(109, 'DutchNationals2015', 'NL'),
	(110, 'DutchNationals2016', 'NL'),
	(111, 'DutchNationals2017', 'NL'),
	(379, 'DutchNationals2018', 'NL'),
	(458, 'DutchNationals2019', 'NL'),
	(589, 'DutchNationals2022', 'NL'),
	(337, 'EcuadorNationals2018', 'EC'),
	(459, 'EcuadorNationals2019', 'EC'),
	(566, 'EcuadorNationals2022', 'EC'),
	(456, 'EgyptianChampionship2019', 'EG'),
	(218, 'EstonianOpen2009', 'EE'),
	(219, 'EstonianOpen2010', 'EE'),
	(220, 'EstonianOpen2011', 'EE'),
	(221, 'EstonianOpen2012', 'EE'),
	(222, 'EstonianOpen2013', 'EE'),
	(223, 'EstonianOpen2014', 'EE'),
	(224, 'EstonianOpen2015', 'EE'),
	(225, 'EstonianOpen2016', 'EE'),
	(226, 'EstonianOpen2017', 'EE'),
	(383, 'EstonianOpen2018', 'EE'),
	(462, 'EstonianOpen2019', 'EE'),
	(511, 'EstonianOpen2020', 'EE'),
	(527, 'EstonianOpen2021', 'EE'),
	(564, 'EstonianOpen2022', 'EE'),
	(14, 'Euro2004', '_Europe'),
	(15, 'Euro2006', '_Europe'),
	(16, 'Euro2008', '_Europe'),
	(17, 'Euro2010', '_Europe'),
	(18, 'Euro2012', '_Europe'),
	(19, 'Euro2014', '_Europe'),
	(20, 'Euro2016', '_Europe'),
	(293, 'Euro2018', '_Europe'),
	(492, 'Euro2020', '_Europe'),
	(541, 'Euro2022', '_Europe'),
	(39, 'FinnishChampionship2014', 'FI'),
	(40, 'FinnishChampionship2015', 'FI'),
	(41, 'FinnishChampionship2016', 'FI'),
	(273, 'FinnishChampionship2017', 'FI'),
	(353, 'FinnishChampionship2018', 'FI'),
	(485, 'FinnishChampionship2019', 'FI'),
	(530, 'FinnishChampionship2021', 'FI'),
	(558, 'FinnishChampionship2022', 'FI'),
	(532, 'FinnishFMCChampionship2021', 'FI'),
	(565, 'FinnishFMCChampionship2022', 'FI'),
	(266, 'FinnishOpen2007', 'FI'),
	(267, 'FinnishOpen2008', 'FI'),
	(268, 'FinnishOpen2009', 'FI'),
	(269, 'FinnishOpen2010', 'FI'),
	(270, 'FinnishOpen2011', 'FI'),
	(271, 'FinnishOpen2012', 'FI'),
	(272, 'FinnishOpen2013', 'FI'),
	(604, 'FMCCanada2023', 'CA'),
	(628, 'FMCColombia2023', 'CO'),
	(535, 'FMCItaly2021', 'IT'),
	(575, 'FMCItaly2022', 'IT'),
	(594, 'FMCNewZealand2022', 'NZ'),
	(596, 'FMCUkraineFriendship2022', 'UA'),
	(42, 'France2004', 'FR'),
	(43, 'France2005', 'FR'),
	(44, 'France2006', 'FR'),
	(45, 'France2007', 'FR'),
	(46, 'France2008', 'FR'),
	(47, 'France2009', 'FR'),
	(48, 'France2010', 'FR'),
	(49, 'France2011', 'FR'),
	(50, 'France2012', 'FR'),
	(51, 'France2013', 'FR'),
	(53, 'France2015', 'FR'),
	(54, 'France2016', 'FR'),
	(55, 'France2017', 'FR'),
	(291, 'France2018', 'FR'),
	(52, 'FrenchChampionship2014', 'FR'),
	(403, 'FrenchChampionship2019', 'FR'),
	(491, 'FrenchChampionship2020', 'FR'),
	(560, 'FrenchChampionship2022', 'FR'),
	(608, 'FrenchChampionship2023', 'FR'),
	(62, 'GermanNationals2011', 'DE'),
	(63, 'GermanNationals2012', 'DE'),
	(64, 'GermanNationals2013', 'DE'),
	(65, 'GermanNationals2014', 'DE'),
	(66, 'GermanNationals2015', 'DE'),
	(67, 'GermanNationals2016', 'DE'),
	(68, 'GermanNationals2017', 'DE'),
	(340, 'GermanNationals2018', 'DE'),
	(432, 'GermanNationals2019', 'DE'),
	(550, 'GermanNationals2022', 'DE'),
	(617, 'GermanNationals2023', 'DE'),
	(56, 'Germany2005', 'DE'),
	(57, 'Germany2006', 'DE'),
	(58, 'Germany2007', 'DE'),
	(59, 'Germany2008', 'DE'),
	(60, 'Germany2009', 'DE'),
	(61, 'Germany2010', 'DE'),
	(332, 'HongKongOpen2008', 'HK'),
	(331, 'HongKongOpen2009', 'HK'),
	(330, 'HongKongOpen2010', 'HK'),
	(298, 'HungarianOpen2008', 'HU'),
	(299, 'HungarianOpen2009', 'HU'),
	(300, 'HungarianOpen2010', 'HU'),
	(301, 'HungarianOpen2011', 'HU'),
	(302, 'HungarianOpen2012', 'HU'),
	(303, 'HungarianOpen2013', 'HU'),
	(304, 'HungarianOpen2014', 'HU'),
	(305, 'HungarianOpen2015', 'HU'),
	(306, 'HungarianOpen2016', 'HU'),
	(307, 'HungarianOpen2017', 'HU'),
	(384, 'HungarianOpen2018', 'HU'),
	(465, 'HungarianOpen2019', 'HU'),
	(69, 'Hungary2005', 'HU'),
	(461, 'IcelandicNationals2019', 'IS'),
	(537, 'IcelandicNationals2021', 'IS'),
	(595, 'IcelandicNationals2022', 'IS'),
	(339, 'IcelandNationals2018', 'IS'),
	(72, 'IndianNationals2014', 'IN'),
	(73, 'IndianNationals2015', 'IN'),
	(74, 'IndianNationals2016', 'IN'),
	(75, 'IndianNationals2017', 'IN'),
	(352, 'IndianNationals2018', 'IN'),
	(411, 'IndianNationals2019', 'IN'),
	(499, 'IndianNationals2020', 'IN'),
	(76, 'IndonesianChampionship2010', 'ID'),
	(77, 'IndonesianChampionship2012', 'ID'),
	(78, 'IndonesianChampionship2016', 'ID'),
	(79, 'IndonesianChampionship2017', 'ID'),
	(360, 'IndonesianChampionship2018', 'ID'),
	(452, 'IndonesianChampionship2019', 'ID'),
	(587, 'IndonesianChampionship2022', 'ID'),
	(231, 'IndonesianOpen2009', 'ID'),
	(232, 'IndonesianOpen2011', 'ID'),
	(420, 'IranNationals2016', 'IR'),
	(80, 'IrishChampionship2015', 'IE'),
	(81, 'IrishChampionship2016', 'IE'),
	(82, 'IrishChampionship2017', 'IE'),
	(345, 'IrishChampionship2018', 'IE'),
	(449, 'IrishChampionship2019', 'IE'),
	(553, 'IrishChampionship2022', 'IE'),
	(602, 'IrishChampionship2023', 'IE'),
	(609, 'IrishChampionshipFMC2023', 'IE'),
	(369, 'Israel2011', 'IL'),
	(370, 'IsraelChampionship2014', 'IL'),
	(371, 'IsraelChampionship2015', 'IL'),
	(372, 'IsraelChampionship2016', 'IL'),
	(373, 'IsraelChampionship2017', 'IL'),
	(435, 'IsraelChampionship2019', 'IL'),
	(563, 'IsraelChampionship2022', 'IL'),
	(645, 'IsraelChampionship2023', 'IL'),
	(368, 'IsraelOpen2010', 'IL'),
	(83, 'ItalianChampionship2010', 'IT'),
	(84, 'ItalianChampionship2011', 'IT'),
	(85, 'ItalianChampionship2012', 'IT'),
	(86, 'ItalianChampionship2013', 'IT'),
	(87, 'ItalianChampionship2014', 'IT'),
	(88, 'ItalianChampionship2015', 'IT'),
	(89, 'ItalianChampionship2016', 'IT'),
	(90, 'ItalianChampionship2017', 'IT'),
	(377, 'ItalianChampionship2018', 'IT'),
	(444, 'ItalianChampionship2019', 'IT'),
	(529, 'ItalianChampionship2021', 'IT'),
	(574, 'ItalianChampionship2022', 'IT'),
	(236, 'ItalianOpen2007', 'IT'),
	(237, 'ItalianOpen2008', 'IT'),
	(238, 'ItalianOpen2009', 'IT'),
	(281, 'Japan2005', 'JP'),
	(282, 'Japan2006', 'JP'),
	(406, 'JapanChampionship2018', 'JP'),
	(483, 'JapanChampionship2019', 'JP'),
	(91, 'JapanOpen2007', 'JP'),
	(92, 'JapanOpen2008', 'JP'),
	(93, 'JapanOpen2009', 'JP'),
	(94, 'JapanOpen2010', 'JP'),
	(95, 'JapanOpen2011', 'JP'),
	(96, 'JapanOpen2012', 'JP'),
	(97, 'JapanOpen2013', 'JP'),
	(99, 'JapanOpen2015', 'JP'),
	(100, 'JapanOpen2016', 'JP'),
	(280, 'JapanOpen2017', 'JP'),
	(536, 'JordanNationals2022', 'JO'),
	(390, 'KazakhstanNationals2018', 'KZ'),
	(279, 'KazakhstanOpen2017', 'KZ'),
	(542, 'KewbzUKChampionship2022', 'GB'),
	(568, 'KewbzUKChampionshipFMC2022', 'GB'),
	(137, 'Korea2006', 'KR'),
	(217, 'Korea2009', 'KR'),
	(216, 'Korea2010', 'KR'),
	(138, 'KoreanChampionship2011', 'KR'),
	(139, 'KoreanChampionship2016', 'KR'),
	(140, 'KoreanChampionship2017', 'KR'),
	(366, 'KoreanChampionship2018', 'KR'),
	(464, 'KoreanChampionship2019', 'KR'),
	(562, 'KoreanChampionship2022', 'KR'),
	(533, 'KoreanChampionshipMini2021', 'KR'),
	(446, 'KyrgyzstanOpen2019', 'KG'),
	(584, 'LatvianChampionship2022', 'LV'),
	(479, 'MacedonianNationals2019', 'MK'),
	(436, 'MadagascarCubingOpen2019', 'MG'),
	(394, 'MalaysiaCubeChampionship2018', 'MY'),
	(470, 'MalaysiaCubeChampionship2019', 'MY'),
	(592, 'MalaysiaCubeChampionship2022', 'MY'),
	(287, 'MalaysianCubeChampionship2017', 'MY'),
	(474, 'MaltaOpen2019', 'MT'),
	(361, 'MexicanChampionship2018', 'MX'),
	(475, 'MoldovaOpen2020', 'MD'),
	(413, 'MongoliaChampionship2019', 'MN'),
	(496, 'MongoliaChampionship2020', 'MN'),
	(578, 'MongoliaChampionship2022', 'MN'),
	(453, 'MontenegroNationals2019', 'ME'),
	(325, 'MontenegroOpen2017', 'ME'),
	(486, 'NA2020', '_North America'),
	(543, 'NAC2022', '_North America'),
	(402, 'NacionalesArgentinas2018', 'AR'),
	(469, 'NacionalesArgentinas2019', 'AR'),
	(561, 'NacionalesArgentinas2022', 'AR'),
	(620, 'NacionalesColombia2023', 'CO'),
	(393, 'NacionalesElSalvador2018', 'SV'),
	(484, 'NacionalesElSalvador2019', 'SV'),
	(531, 'NacionalesFenixColombia2021', 'CO'),
	(284, 'NacionalesGuatemala2018', 'GT'),
	(447, 'NacionalesGuatemala2019', 'GT'),
	(598, 'NacionalesGuatemala2022', 'GT'),
	(448, 'NacionalesMedellinExplora2019', 'CO'),
	(276, 'NacionalesUruguayasUCHI2017', 'UY'),
	(310, 'NacionalesUruguayasUCHI2018', 'UY'),
	(445, 'NacionalesUruguayo2019', 'UY'),
	(212, 'NacionalPerubik2013', 'PE'),
	(213, 'NacionalPerubik2016', 'PE'),
	(437, 'NepaliNationals2019', 'NP'),
	(295, 'NepalOpen2016', 'NP'),
	(294, 'NepalOpen2017', 'NP'),
	(398, 'NepalOpen2018', 'NP'),
	(101, 'Netherlands2005', 'NL'),
	(102, 'Netherlands2006', 'NL'),
	(103, 'Netherlands2007', 'NL'),
	(104, 'Netherlands2008', 'NL'),
	(105, 'Netherlands2009', 'NL'),
	(113, 'NewZealand2010', 'NZ'),
	(112, 'NewZealandChamps2009', 'NZ'),
	(114, 'NewZealandNationals2012', 'NZ'),
	(115, 'NewZealandNationals2013', 'NZ'),
	(116, 'NewZealandNationals2014', 'NZ'),
	(117, 'NewZealandNationals2015', 'NZ'),
	(118, 'NewZealandNationals2016', 'NZ'),
	(338, 'NewZealandNationals2017', 'NZ'),
	(400, 'NewZealandNationals2018', 'NZ'),
	(476, 'NewZealandNationals2019', 'NZ'),
	(515, 'NewZealandNationals2020', 'NZ'),
	(549, 'NewZealandNationals2022', 'NZ'),
	(622, 'NewZealandNationals2023', 'NZ'),
	(583, 'NigeriaChampionship2022', 'NG'),
	(120, 'Norway2013', 'NO'),
	(119, 'NorwegianChampionship2012', 'NO'),
	(121, 'NorwegianChampionship2014', 'NO'),
	(122, 'NorwegianChampionship2015', 'NO'),
	(123, 'NorwegianChampionship2016', 'NO'),
	(124, 'NorwegianChampionship2017', 'NO'),
	(297, 'NorwegianChampionship2018', 'NO'),
	(410, 'NorwegianChampionship2019', 'NO'),
	(500, 'NorwegianChampionship2020', 'NO'),
	(528, 'NorwegianChampionship2021', 'NO'),
	(547, 'NorwegianChampionship2022', 'NO'),
	(614, 'NorwegianChampionship2023', 'NO'),
	(616, 'NorwegianFMCChampionship2023', 'NO'),
	(227, 'NorwegianOpen2008', 'NO'),
	(228, 'NorwegianOpen2009', 'NO'),
	(229, 'NorwegianOpen2010', 'NO'),
	(230, 'NorwegianOpen2011', 'NO'),
	(539, 'OC2022', '_Oceania'),
	(599, 'OmanOpen2023', 'OM'),
	(593, 'PanamaNationals2022', 'PA'),
	(615, 'PanamaNationals2023', 'PA'),
	(125, 'Paraguay2016', 'PY'),
	(347, 'Paraguay2017', 'PY'),
	(405, 'ParaguayNationals2018', 'PY'),
	(481, 'ParaguayNationals2019', 'PY'),
	(534, 'ParaguayNationals2021', 'PY'),
	(517, 'ParaguayNationals2022', 'PY'),
	(357, 'PeruNationals2018', 'PE'),
	(450, 'PeruNationals2019', 'PE'),
	(557, 'PeruNationals2022', 'PE'),
	(636, 'PeruNationals2023', 'PE'),
	(126, 'PhilippineChampionship2016', 'PH'),
	(127, 'PhilippineChampionship2017', 'PH'),
	(386, 'PhilippineChampionship2018', 'PH'),
	(454, 'PhilippineChampionship2019', 'PH'),
	(254, 'PhilippineOpen2011', 'PH'),
	(255, 'PhilippineOpen2013', 'PH'),
	(256, 'PhilippineOpen2014', 'PH'),
	(257, 'PhilippineOpen2015', 'PH'),
	(250, 'PhilippinesOpen2007', 'PH'),
	(251, 'PhilippinesOpen2008', 'PH'),
	(252, 'PhilippinesOpen2009', 'PH'),
	(253, 'PhilippinesOpen2010', 'PH'),
	(128, 'Poland2009', 'PL'),
	(134, 'PolishChampionship2015', 'PL'),
	(135, 'PolishChampionship2016', 'PL'),
	(391, 'PolishChampionship2018', 'PL'),
	(471, 'PolishChampionship2019', 'PL'),
	(523, 'PolishChampionship2021', 'PL'),
	(548, 'PolishChampionship2022', 'PL'),
	(129, 'PolishNationals2010', 'PL'),
	(130, 'PolishNationals2011', 'PL'),
	(131, 'PolishNationals2012', 'PL'),
	(132, 'PolishNationals2013', 'PL'),
	(133, 'PolishNationals2014', 'PL'),
	(277, 'PolishNationals2017', 'PL'),
	(239, 'PortugalOpen2008', 'PT'),
	(240, 'PortugalOpen2009', 'PT'),
	(241, 'PortugalOpen2014', 'PT'),
	(463, 'RepDominicanaNationals2019', 'DO'),
	(430, 'RomanianCubingOpen2019', 'RO'),
	(505, 'RomanianCubingOpen2020', 'RO'),
	(397, 'RomanianNationalDay2018', 'RO'),
	(259, 'RomanianNationals2010', 'RO'),
	(258, 'RomanianNationals2012', 'RO'),
	(552, 'RubiksWCAAsianChampionship2022', '_Asia'),
	(234, 'RussiaOpen2010', 'RU'),
	(235, 'RussiaOpen2011', 'RU'),
	(545, 'SAC2022', '_South America'),
	(546, 'SAC2022', 'BR'),
	(312, 'SanMarinoNationals2018', 'SM'),
	(412, 'SanMarinoNationals2019', 'SM'),
	(498, 'SanMarinoNationals2020', 'SM'),
	(619, 'SanMarinoNationals2023', 'SM'),
	(497, 'SerbianChampionship2020', 'RS'),
	(540, 'SerbianChampionship2022', 'RS'),
	(618, 'SerbianChampionship2023', 'RS'),
	(318, 'SerbianOpen2012', 'RS'),
	(319, 'SerbianOpen2013', 'RS'),
	(320, 'SerbianOpen2015', 'RS'),
	(321, 'SerbianOpen2016', 'RS'),
	(425, 'SerbianOpen2019', 'RS'),
	(292, 'SingaporeChampionship2018', 'SG'),
	(404, 'SingaporeChampionship2019', 'SG'),
	(586, 'SingaporeChampionship2023', 'SG'),
	(493, 'SingaporeCubeChampionship2020', 'SG'),
	(141, 'SingaporeOpen2014', 'SG'),
	(142, 'SingaporeOpen2015', 'SG'),
	(143, 'SingaporeOpen2016', 'SG'),
	(144, 'SingaporeOpen2017', 'SG'),
	(333, 'SlovakianOpen2014', 'SK'),
	(334, 'SlovakianOpen2015', 'SK'),
	(335, 'SlovakianOpen2016', 'SK'),
	(336, 'SlovakianOpen2017', 'SK'),
	(466, 'SlovakianOpen2019', 'SK'),
	(342, 'SloveniaNationals2018', 'SI'),
	(644, 'SlovenianFMCNationals2023', 'SI'),
	(434, 'SlovenianNationals2019', 'SI'),
	(504, 'SlovenianNationals2020', 'SI'),
	(577, 'SlovenianNationals2022', 'SI'),
	(637, 'SlovenianNationals2023', 'SI'),
	(356, 'SouthAmericanChampionship2018', '_South America'),
	(145, 'Spain2004', 'ES'),
	(146, 'Spain2005', 'ES'),
	(147, 'Spain2006', 'ES'),
	(148, 'Spain2007', 'ES'),
	(149, 'Spain2008', 'ES'),
	(362, 'Spain2018', 'ES'),
	(150, 'SpanishChampionship2009', 'ES'),
	(151, 'SpanishChampionship2010', 'ES'),
	(152, 'SpanishChampionship2011', 'ES'),
	(153, 'SpanishChampionship2012', 'ES'),
	(155, 'SpanishChampionship2014', 'ES'),
	(156, 'SpanishChampionship2015', 'ES'),
	(157, 'SpanishChampionship2016', 'ES'),
	(158, 'SpanishChampionship2017', 'ES'),
	(576, 'SpanishChampionship2019', 'ES'),
	(559, 'SpanishChampionship2022', 'ES'),
	(154, 'SpanishChampionships2013', 'ES'),
	(165, 'SwedishChampionship2011', 'SE'),
	(166, 'SwedishChampionship2012', 'SE'),
	(167, 'SwedishChampionship2013', 'SE'),
	(168, 'SwedishChampionship2014', 'SE'),
	(169, 'SwedishChampionship2015', 'SE'),
	(171, 'SwedishChampionship2017', 'SE'),
	(351, 'SwedishChampionship2018', 'SE'),
	(429, 'SwedishChampionship2019', 'SE'),
	(507, 'SwedishChampionship2020', 'SE'),
	(524, 'SwedishChampionship2021', 'SE'),
	(580, 'SwedishChampionship2022', 'SE'),
	(612, 'SwedishChampionship2023', 'SE'),
	(581, 'SwedishFMCChampionship2022', 'SE'),
	(613, 'SwedishFMCChampionship2023', 'SE'),
	(159, 'SwedishOpen2005', 'SE'),
	(160, 'SwedishOpen2006', 'SE'),
	(161, 'SwedishOpen2007', 'SE'),
	(162, 'SwedishOpen2008', 'SE'),
	(163, 'SwedishOpen2009', 'SE'),
	(164, 'SwedishOpen2010', 'SE'),
	(172, 'SwissNationals2015', 'CH'),
	(173, 'SwissNationals2016', 'CH'),
	(174, 'SwissNationals2017', 'CH'),
	(364, 'SwissNationals2018', 'CH'),
	(428, 'SwissNationals2019', 'CH'),
	(569, 'SwissNationals2022', 'CH'),
	(625, 'SwissNationals2023', 'CH'),
	(175, 'Taiwan2006', 'TW'),
	(176, 'Taiwan2007', 'TW'),
	(177, 'TaiwanChampionship2016', 'TW'),
	(283, 'TaiwanChampionship2017', 'TW'),
	(399, 'TaiwanChampionship2018', 'TW'),
	(482, 'TaiwanChampionship2019', 'TW'),
	(516, 'TaiwanChampionship2020', 'TW'),
	(600, 'TaiwanChampionship2022', 'TW'),
	(381, 'TajikistanOpen2018', 'TJ'),
	(181, 'Thailand2012', 'TH'),
	(182, 'ThailandChampionship2013', 'TH'),
	(183, 'ThailandChampionship2014', 'TH'),
	(184, 'ThailandChampionship2015', 'TH'),
	(185, 'ThailandChampionship2016', 'TH'),
	(186, 'ThailandChampionship2017', 'TH'),
	(380, 'ThailandChampionship2018', 'TH'),
	(427, 'ThailandChampionship2019', 'TH'),
	(178, 'ThailandOpen2009', 'TH'),
	(179, 'ThailandOpen2010', 'TH'),
	(180, 'ThailandOpen2011', 'TH'),
	(655, 'TurkishNationals2023', 'TR'),
	(597, 'U24Nationals2022', 'UA'),
	(274, 'UchiFlorida2015', 'UY'),
	(275, 'UchiMontevideo2016', 'UY'),
	(388, 'UKC2018', 'GB'),
	(194, 'UKChampionship2013', 'GB'),
	(195, 'UKChampionship2014', 'GB'),
	(196, 'UKChampionship2015', 'GB'),
	(197, 'UKChampionship2016', 'GB'),
	(198, 'UKChampionship2017', 'GB'),
	(424, 'UKChampionship2019', 'GB'),
	(187, 'UKOpen2006', 'GB'),
	(188, 'UKOpen2007', 'GB'),
	(189, 'UKOpen2008', 'GB'),
	(190, 'UKOpen2009', 'GB'),
	(191, 'UKOpen2010', 'GB'),
	(192, 'UKOpen2011', 'GB'),
	(193, 'UKOpen2012', 'GB'),
	(421, 'UkrainianNationals2014', 'UA'),
	(375, 'UkrainianNationals2016', 'UA'),
	(376, 'UkrainianNationals2017', 'UA'),
	(396, 'UkrainianNationals2018', 'UA'),
	(467, 'UkrainianNationals2019', 'UA'),
	(199, 'US2004', 'US'),
	(200, 'US2006', 'US'),
	(203, 'USNationals2009', 'US'),
	(204, 'USNationals2010', 'US'),
	(205, 'USNationals2011', 'US'),
	(206, 'USNationals2012', 'US'),
	(208, 'USNationals2014', 'US'),
	(209, 'USNationals2015', 'US'),
	(210, 'USNationals2016', 'US'),
	(201, 'USOpen2007', 'US'),
	(202, 'USOpen2008', 'US'),
	(480, 'UzbekistanNationals2019', 'UZ'),
	(278, 'UzbekistanOpen2017', 'UZ'),
	(382, 'UzbekistanOpen2018', 'UZ'),
	(422, 'VenezuelaNationals2015', 'VE'),
	(423, 'VenezuelaNationals2016', 'VE'),
	(643, 'VietnamChampionship2023', 'VN'),
	(1, 'WC1982', 'world'),
	(2, 'WC2003', 'world'),
	(3, 'WC2005', 'world'),
	(233, 'WC2007', 'HU'),
	(4, 'WC2007', 'world'),
	(5, 'WC2009', 'world'),
	(6, 'WC2011', 'world'),
	(207, 'WC2013', 'US'),
	(7, 'WC2013', 'world'),
	(33, 'WC2015', 'BR'),
	(8, 'WC2015', 'world'),
	(9, 'WC2017', 'world'),
	(408, 'WC2019', 'AU'),
	(407, 'WC2019', 'world'),
	(610, 'WC2023', 'world'),
	(554, 'WCAAfricanChampionship2022', '_Africa'),
	(514, 'WelcomeBackMongoliaChampions2020', 'MN');

INSERT INTO `continents` (`id`, `name`, `record_name`)
VALUES
	('_Africa', 'Africa', 'AfR'),
	('_Asia', 'Asia', 'AsR'),
	('_Europe', 'Europe', 'ER'),
	('_Multiple Continents', 'Multiple Continents', ''),
	('_North America', 'North America', 'NAR'),
	('_Oceania', 'Oceania', 'OcR'),
	('_South America', 'South America', 'SAR');

INSERT INTO `countries` (`id`, `name`, `continent_id`, `iso2`)
VALUES
	('Afghanistan', 'Afghanistan', '_Asia', 'AF'),
	('Albania', 'Albania', '_Europe', 'AL'),
	('Algeria', 'Algeria', '_Africa', 'DZ'),
	('Andorra', 'Andorra', '_Europe', 'AD'),
	('Angola', 'Angola', '_Africa', 'AO'),
	('Antigua and Barbuda', 'Antigua and Barbuda', '_North America', 'AG'),
	('Argentina', 'Argentina', '_South America', 'AR'),
	('Armenia', 'Armenia', '_Europe', 'AM'),
	('Australia', 'Australia', '_Oceania', 'AU'),
	('Austria', 'Austria', '_Europe', 'AT'),
	('Azerbaijan', 'Azerbaijan', '_Europe', 'AZ'),
	('Bahamas', 'Bahamas', '_North America', 'BS'),
	('Bahrain', 'Bahrain', '_Asia', 'BH'),
	('Bangladesh', 'Bangladesh', '_Asia', 'BD'),
	('Barbados', 'Barbados', '_North America', 'BB'),
	('Belarus', 'Belarus', '_Europe', 'BY'),
	('Belgium', 'Belgium', '_Europe', 'BE'),
	('Belize', 'Belize', '_North America', 'BZ'),
	('Benin', 'Benin', '_Africa', 'BJ'),
	('Bhutan', 'Bhutan', '_Asia', 'BT'),
	('Bolivia', 'Bolivia', '_South America', 'BO'),
	('Bosnia and Herzegovina', 'Bosnia and Herzegovina', '_Europe', 'BA'),
	('Botswana', 'Botswana', '_Africa', 'BW'),
	('Brazil', 'Brazil', '_South America', 'BR'),
	('Brunei', 'Brunei', '_Asia', 'BN'),
	('Bulgaria', 'Bulgaria', '_Europe', 'BG'),
	('Burkina Faso', 'Burkina Faso', '_Africa', 'BF'),
	('Burundi', 'Burundi', '_Africa', 'BI'),
	('Cabo Verde', 'Cabo Verde', '_Africa', 'CV'),
	('Cambodia', 'Cambodia', '_Asia', 'KH'),
	('Cameroon', 'Cameroon', '_Africa', 'CM'),
	('Canada', 'Canada', '_North America', 'CA'),
	('Central African Republic', 'Central African Republic', '_Africa', 'CF'),
	('Chad', 'Chad', '_Africa', 'TD'),
	('Chile', 'Chile', '_South America', 'CL'),
	('China', 'China', '_Asia', 'CN'),
	('Colombia', 'Colombia', '_South America', 'CO'),
	('Comoros', 'Comoros', '_Africa', 'KM'),
	('Congo', 'Congo', '_Africa', 'CG'),
	('Costa Rica', 'Costa Rica', '_North America', 'CR'),
	('Cote d_Ivoire', 'Côte d\'Ivoire', '_Africa', 'CI'),
	('Croatia', 'Croatia', '_Europe', 'HR'),
	('Cuba', 'Cuba', '_North America', 'CU'),
	('Cyprus', 'Cyprus', '_Europe', 'CY'),
	('Czech Republic', 'Czech Republic', '_Europe', 'CZ'),
	('Democratic People_s Republic of Korea', 'Democratic People\'s Republic of Korea', '_Asia', 'KP'),
	('Democratic Republic of the Congo', 'Democratic Republic of the Congo', '_Africa', 'CD'),
	('Denmark', 'Denmark', '_Europe', 'DK'),
	('Djibouti', 'Djibouti', '_Africa', 'DJ'),
	('Dominica', 'Dominica', '_North America', 'DM'),
	('Dominican Republic', 'Dominican Republic', '_North America', 'DO'),
	('Ecuador', 'Ecuador', '_South America', 'EC'),
	('Egypt', 'Egypt', '_Africa', 'EG'),
	('El Salvador', 'El Salvador', '_North America', 'SV'),
	('Equatorial Guinea', 'Equatorial Guinea', '_Africa', 'GQ'),
	('Eritrea', 'Eritrea', '_Africa', 'ER'),
	('Estonia', 'Estonia', '_Europe', 'EE'),
	('Eswatini', 'Eswatini', '_Africa', 'SZ'),
	('Ethiopia', 'Ethiopia', '_Africa', 'ET'),
	('Federated States of Micronesia', 'Federated States of Micronesia', '_Oceania', 'FM'),
	('Fiji', 'Fiji', '_Oceania', 'FJ'),
	('Finland', 'Finland', '_Europe', 'FI'),
	('France', 'France', '_Europe', 'FR'),
	('Gabon', 'Gabon', '_Africa', 'GA'),
	('Gambia', 'Gambia', '_Africa', 'GM'),
	('Georgia', 'Georgia', '_Europe', 'GE'),
	('Germany', 'Germany', '_Europe', 'DE'),
	('Ghana', 'Ghana', '_Africa', 'GH'),
	('Greece', 'Greece', '_Europe', 'GR'),
	('Grenada', 'Grenada', '_North America', 'GD'),
	('Guatemala', 'Guatemala', '_North America', 'GT'),
	('Guinea', 'Guinea', '_Africa', 'GN'),
	('Guinea Bissau', 'Guinea Bissau', '_Africa', 'GW'),
	('Guyana', 'Guyana', '_South America', 'GY'),
	('Haiti', 'Haiti', '_North America', 'HT'),
	('Honduras', 'Honduras', '_North America', 'HN'),
	('Hong Kong', 'Hong Kong, China', '_Asia', 'HK'),
	('Hungary', 'Hungary', '_Europe', 'HU'),
	('Iceland', 'Iceland', '_Europe', 'IS'),
	('India', 'India', '_Asia', 'IN'),
	('Indonesia', 'Indonesia', '_Asia', 'ID'),
	('Iran', 'Iran', '_Asia', 'IR'),
	('Iraq', 'Iraq', '_Asia', 'IQ'),
	('Ireland', 'Ireland', '_Europe', 'IE'),
	('Israel', 'Israel', '_Europe', 'IL'),
	('Italy', 'Italy', '_Europe', 'IT'),
	('Jamaica', 'Jamaica', '_North America', 'JM'),
	('Japan', 'Japan', '_Asia', 'JP'),
	('Jordan', 'Jordan', '_Asia', 'JO'),
	('Kazakhstan', 'Kazakhstan', '_Asia', 'KZ'),
	('Kenya', 'Kenya', '_Africa', 'KE'),
	('Kiribati', 'Kiribati', '_Oceania', 'KI'),
	('Korea', 'Republic of Korea', '_Asia', 'KR'),
	('Kosovo', 'Kosovo', '_Europe', 'XK'),
	('Kuwait', 'Kuwait', '_Asia', 'KW'),
	('Kyrgyzstan', 'Kyrgyzstan', '_Asia', 'KG'),
	('Laos', 'Laos', '_Asia', 'LA'),
	('Latvia', 'Latvia', '_Europe', 'LV'),
	('Lebanon', 'Lebanon', '_Asia', 'LB'),
	('Lesotho', 'Lesotho', '_Africa', 'LS'),
	('Liberia', 'Liberia', '_Africa', 'LR'),
	('Libya', 'Libya', '_Africa', 'LY'),
	('Liechtenstein', 'Liechtenstein', '_Europe', 'LI'),
	('Lithuania', 'Lithuania', '_Europe', 'LT'),
	('Luxembourg', 'Luxembourg', '_Europe', 'LU'),
	('Macau', 'Macau, China', '_Asia', 'MO'),
	('Madagascar', 'Madagascar', '_Africa', 'MG'),
	('Malawi', 'Malawi', '_Africa', 'MW'),
	('Malaysia', 'Malaysia', '_Asia', 'MY'),
	('Maldives', 'Maldives', '_Asia', 'MV'),
	('Mali', 'Mali', '_Africa', 'ML'),
	('Malta', 'Malta', '_Europe', 'MT'),
	('Marshall Islands', 'Marshall Islands', '_Oceania', 'MH'),
	('Mauritania', 'Mauritania', '_Africa', 'MR'),
	('Mauritius', 'Mauritius', '_Africa', 'MU'),
	('Mexico', 'Mexico', '_North America', 'MX'),
	('Moldova', 'Moldova', '_Europe', 'MD'),
	('Monaco', 'Monaco', '_Europe', 'MC'),
	('Mongolia', 'Mongolia', '_Asia', 'MN'),
	('Montenegro', 'Montenegro', '_Europe', 'ME'),
	('Morocco', 'Morocco', '_Africa', 'MA'),
	('Mozambique', 'Mozambique', '_Africa', 'MZ'),
	('Myanmar', 'Myanmar', '_Asia', 'MM'),
	('Namibia', 'Namibia', '_Africa', 'NA'),
	('Nauru', 'Nauru', '_Oceania', 'NR'),
	('Nepal', 'Nepal', '_Asia', 'NP'),
	('Netherlands', 'Netherlands', '_Europe', 'NL'),
	('New Zealand', 'New Zealand', '_Oceania', 'NZ'),
	('Nicaragua', 'Nicaragua', '_North America', 'NI'),
	('Niger', 'Niger', '_Africa', 'NE'),
	('Nigeria', 'Nigeria', '_Africa', 'NG'),
	('North Macedonia', 'North Macedonia', '_Europe', 'MK'),
	('Norway', 'Norway', '_Europe', 'NO'),
	('Oman', 'Oman', '_Asia', 'OM'),
	('Pakistan', 'Pakistan', '_Asia', 'PK'),
	('Palau', 'Palau', '_Oceania', 'PW'),
	('Palestine', 'Palestine', '_Asia', 'PS'),
	('Panama', 'Panama', '_North America', 'PA'),
	('Papua New Guinea', 'Papua New Guinea', '_Oceania', 'PG'),
	('Paraguay', 'Paraguay', '_South America', 'PY'),
	('Peru', 'Peru', '_South America', 'PE'),
	('Philippines', 'Philippines', '_Asia', 'PH'),
	('Poland', 'Poland', '_Europe', 'PL'),
	('Portugal', 'Portugal', '_Europe', 'PT'),
	('Qatar', 'Qatar', '_Asia', 'QA'),
	('Romania', 'Romania', '_Europe', 'RO'),
	('Russia', 'Russia', '_Europe', 'RU'),
	('Rwanda', 'Rwanda', '_Africa', 'RW'),
	('Saint Kitts and Nevis', 'Saint Kitts and Nevis', '_North America', 'KN'),
	('Saint Lucia', 'Saint Lucia', '_North America', 'LC'),
	('Saint Vincent and the Grenadines', 'Saint Vincent and the Grenadines', '_North America', 'VC'),
	('Samoa', 'Samoa', '_Oceania', 'WS'),
	('San Marino', 'San Marino', '_Europe', 'SM'),
	('Sao Tome and Principe', 'São Tomé and Príncipe', '_Africa', 'ST'),
	('Saudi Arabia', 'Saudi Arabia', '_Asia', 'SA'),
	('Senegal', 'Senegal', '_Africa', 'SN'),
	('Serbia', 'Serbia', '_Europe', 'RS'),
	('Seychelles', 'Seychelles', '_Africa', 'SC'),
	('Sierra Leone', 'Sierra Leone', '_Africa', 'SL'),
	('Singapore', 'Singapore', '_Asia', 'SG'),
	('Slovakia', 'Slovakia', '_Europe', 'SK'),
	('Slovenia', 'Slovenia', '_Europe', 'SI'),
	('Solomon Islands', 'Solomon Islands', '_Oceania', 'SB'),
	('Somalia', 'Somalia', '_Africa', 'SO'),
	('South Africa', 'South Africa', '_Africa', 'ZA'),
	('South Sudan', 'South Sudan', '_Africa', 'SS'),
	('Spain', 'Spain', '_Europe', 'ES'),
	('Sri Lanka', 'Sri Lanka', '_Asia', 'LK'),
	('Sudan', 'Sudan', '_Africa', 'SD'),
	('Suriname', 'Suriname', '_South America', 'SR'),
	('Sweden', 'Sweden', '_Europe', 'SE'),
	('Switzerland', 'Switzerland', '_Europe', 'CH'),
	('Syria', 'Syria', '_Asia', 'SY'),
	('Taiwan', 'Chinese Taipei', '_Asia', 'TW'),
	('Tajikistan', 'Tajikistan', '_Asia', 'TJ'),
	('Tanzania', 'Tanzania', '_Africa', 'TZ'),
	('Thailand', 'Thailand', '_Asia', 'TH'),
	('Timor-Leste', 'Timor-Leste', '_Asia', 'TL'),
	('Togo', 'Togo', '_Africa', 'TG'),
	('Tonga', 'Tonga', '_Oceania', 'TO'),
	('Trinidad and Tobago', 'Trinidad and Tobago', '_North America', 'TT'),
	('Tunisia', 'Tunisia', '_Africa', 'TN'),
	('Turkey', 'Turkey', '_Europe', 'TR'),
	('Turkmenistan', 'Turkmenistan', '_Asia', 'TM'),
	('Tuvalu', 'Tuvalu', '_Oceania', 'TV'),
	('Uganda', 'Uganda', '_Africa', 'UG'),
	('Ukraine', 'Ukraine', '_Europe', 'UA'),
	('United Arab Emirates', 'United Arab Emirates', '_Asia', 'AE'),
	('United Kingdom', 'United Kingdom', '_Europe', 'GB'),
	('Uruguay', 'Uruguay', '_South America', 'UY'),
	('USA', 'United States', '_North America', 'US'),
	('Uzbekistan', 'Uzbekistan', '_Asia', 'UZ'),
	('Vanuatu', 'Vanuatu', '_Oceania', 'VU'),
	('Vatican City', 'Vatican City', '_Europe', 'VA'),
	('Venezuela', 'Venezuela', '_South America', 'VE'),
	('Vietnam', 'Vietnam', '_Asia', 'VN'),
	('XA', 'Multiple Countries (Asia)', '_Asia', 'XA'),
	('XE', 'Multiple Countries (Europe)', '_Europe', 'XE'),
	('XF', 'Multiple Countries (Africa)', '_Africa', 'XF'),
	('XM', 'Multiple Countries (Americas)', '_Multiple Continents', 'XM'),
	('XN', 'Multiple Countries (North America)', '_North America', 'XN'),
	('XO', 'Multiple Countries (Oceania)', '_Oceania', 'XO'),
	('XS', 'Multiple Countries (South America)', '_South America', 'XS'),
	('XW', 'Multiple Countries (World)', '_Multiple Continents', 'XW'),
	('Yemen', 'Yemen', '_Asia', 'YE'),
	('Zambia', 'Zambia', '_Africa', 'ZM'),
	('Zimbabwe', 'Zimbabwe', '_Africa', 'ZW');

INSERT INTO `eligible_country_iso2s_for_championship` (`championship_type`, `eligible_country_iso2`)
VALUES
	('greater_china', 'CN'),
	('greater_china', 'HK'),
	('greater_china', 'MO'),
	('greater_china', 'TW');

INSERT INTO `events` (`id`, `name`, `rank`, `format`)
VALUES
	('222', '2x2x2 Cube', 20, 'time'),
	('333', '3x3x3 Cube', 10, 'time'),
	('333bf', '3x3x3 Blindfolded', 70, 'time'),
	('333fm', '3x3x3 Fewest Moves', 80, 'number'),
	('333ft', '3x3x3 With Feet', 996, 'time'),
	('333mbf', '3x3x3 Multi-Blind', 180, 'multi'),
	('333mbo', '3x3x3 Multi-Blind Old Style', 999, 'multi'),
	('333oh', '3x3x3 One-Handed', 90, 'time'),
	('444', '4x4x4 Cube', 30, 'time'),
	('444bf', '4x4x4 Blindfolded', 160, 'time'),
	('555', '5x5x5 Cube', 40, 'time'),
	('555bf', '5x5x5 Blindfolded', 170, 'time'),
	('666', '6x6x6 Cube', 50, 'time'),
	('777', '7x7x7 Cube', 60, 'time'),
	('clock', 'Clock', 110, 'time'),
	('magic', 'Magic', 997, 'time'),
	('minx', 'Megaminx', 120, 'time'),
	('mmagic', 'Master Magic', 998, 'time'),
	('pyram', 'Pyraminx', 130, 'time'),
	('skewb', 'Skewb', 140, 'time'),
	('sq1', 'Square-1', 150, 'time');

INSERT INTO `formats` (`id`, `name`, `sort_by`, `sort_by_second`, `expected_solve_count`, `trim_fastest_n`, `trim_slowest_n`)
VALUES
	('1', 'Best of 1', 'single', 'average', 1, 0, 0),
	('2', 'Best of 2', 'single', 'average', 2, 0, 0),
	('3', 'Best of 3', 'single', 'average', 3, 0, 0),
	('a', 'Average of 5', 'average', 'single', 5, 1, 1),
	('m', 'Mean of 3', 'average', 'single', 3, 0, 0);

INSERT INTO `round_types` (`id`, `rank`, `name`, `cell_name`, `final`)
VALUES
	('0', 19, 'Qualification round', 'Qualification round', 0),
	('1', 29, 'First round', 'First round', 0),
	('2', 50, 'Second round', 'Second round', 0),
	('3', 79, 'Semi Final', 'Semi Final', 0),
	('b', 39, 'B Final', 'B Final', 0),
	('c', 90, 'Final', 'Final', 1),
	('d', 20, 'First round', 'First round', 0),
	('e', 59, 'Second round', 'Second round', 0),
	('f', 99, 'Final', 'Final', 1),
	('g', 70, 'Third round', 'Third round', 0),
	('h', 10, 'Qualification round', 'Qualification round', 0);

INSERT INTO `competitions` (`id`, `name`, `city_name`, `country_id`, `information`, `year`, `month`, `day`, `end_year`, `end_month`, `end_day`, `cancelled`, `event_specs`, `delegates`, `organizers`, `venue`, `venue_address`, `venue_details`, `external_website`, `cell_name`, `latitude_microdegrees`, `longitude_microdegrees`)
VALUES
	('AlbanianOpen2022', 'Albanian Open 2022', 'Tirana', 'Albania', 'Third WCA competition in Albania.\r\n\r\nAdditional [Covid safety measures](https://www.worldcubeassociation.org/competitions/AlbanianOpen2022#-safety-protocol) will be applicable.\r\n', 2022, 6, 25, 2022, 6, 25, 0, '222 333 333bf 444 555 pyram skewb', '[{Aleksandar Arsovski}{mailto:aarsovski@worldcubeassociation.org}] [{Ron van Bruchem}{mailto:rbruchem@worldcubeassociation.org}] [{Samuel Mema}{mailto:samuelmema33@gmail.com}]', '[{Ron van Bruchem}{mailto:rbruchem@worldcubeassociation.org}] [{Samuel Mema}{mailto:samuelmema33@gmail.com}]', '[POLIS University](http://www.universitetipolis.edu.al/)', 'Rruga Bylis 12, Autostrada Tiranë-Durrës, Km 5, Kashar, SH2, Tiranë 1051', 'Room C1', NULL, 'Albanian Open 2022', 41352688, 19750510),
	('CambodiaCubingChampionship2019', 'Cambodia Cubing Championship 2019', 'Phnom Penh', 'Cambodia', 'This is the first-ever national cubing championship of Cambodia.\r\nWe also have a Facebook groups for our Cubing Area. [Khmer Top Cuber](https://www.facebook.com/groups/KhmerCuber/). You can join the group to stay updated with upcoming competitions in the area.', 2019, 11, 3, 2019, 11, 3, 0, '222 333 333oh 444 pyram skewb sq1', '[{John Edison Ubaldo (ᜇ᜔ᜌᜓ︀ᜈ᜔ ᜁᜇᜒᜐᜓ︀ᜈ᜔ ᜂᜊᜎ᜔ᜇᜓ︀)}{mailto:jubaldo@worldcubeassociation.org}]', '[{Mey Samorn}{mailto:samornreality@gmail.com}]', '[Cambodia-Japan Cooperation Center](http://www.cjcc.edu.kh/site/index.php/en/)', 'Russian Confederation Blvd., Tuol Kork, Pnom Penh, Cambodia', 'Angkor Kizuna Hall', NULL, 'Cambodia Championship 2019', 11568929, 104893694),
	('CubanOpen2016', 'Cuban Open 2016', 'Habana', 'Cuba', '', 2016, 4, 9, 2016, 4, 9, 0, '222 333 333oh 444', '[{Ron van Bruchem}{mailto:rbruchem@worldcubeassociation.org}]', '[{Andy Valdes}{mailto:andyvaldes1991@gmail.com}] [{Hanneke Rijks}{mailto:hannekerijks@hotmail.com}] [{Ron van Bruchem}{mailto:rbruchem@worldcubeassociation.org}]', 'Casa Valdes', 'Zona 8 Alamar, La Habana', 'Edif. D-49 Apto.12', 'http://speedcubing.com/events/CubanOpen2016', 'Cuban Open 2016', 23081275, -82302783),
	('CubingReturnsToColombo2022', 'Cubing Returns To Colombo 2022', 'Colombo', 'Sri Lanka', '* Make sure you will be available at the venue at least 15 minutes before your event starts. You won\'t be allowed to participate in an event if you reach late. You can refer \"Schedule\" tab to see the starting time of each event.\r\n* If you\'re participating in a WCA competition for the first time or not aware of competition rules, make sure that you attend the tutorial session at 10:15 a.m on Day 2 (25-Sep-2022)\r\n* If you\'re participating in a WCA competition for the first time, please bring your ID card as well. (NIC/Passport/Postal ID/Driving License)\r\n* All participants are expected to volunteer for the event when they are not participating. The roles could be of a judge, runner, or a scrambler, depending upon the situation.\r\n\r\nCOVID-19 Specific Information:\r\n\r\n* Following all local goverment health guidelines is mandatory while attending the competition. \r\n* We strongly recommend limiting the number of guests you bring for the safety of all attendees. The maximum number of guests that is preferred to accompay a competitor would be limited to TWO.\r\n', 2022, 9, 24, 2022, 9, 25, 0, '222 333 333bf 333fm 444 666 clock pyram skewb', '[{Sachin Arvind}{mailto:sarvind@worldcubeassociation.org}]', '[{Kalindu Sachintha Wijesundara}{mailto:kalindu.sachintha@gmail.com}]', 'Mahanama College', 'Mahanama College, R. A. D. Mel Mawatha, Colombo 3, Sri Lanka', 'Auditorium', NULL, 'Cubing Colombo 2022', 6906181, 79854769),
	('FMC2020', 'FMC 2020', 'Multiple Cities', 'XW', '# The competition has been cancelled due to the COVID-19 outbreak.\r\nThe competition will be held in multiple locations, across the globe. Please pay attention to the **date and time zone** of your location!\r\n\r\nLocations may be added until the 13th of May 23:59UTC so if there isn\'t a location near you yet contact your local [Delegate](https://www.worldcubeassociation.org/delegates).', 2020, 6, 13, 2020, 6, 14, 1, '333fm', '[{Akash Rupela}{mailto:arupela@worldcubeassociation.org}] [{Baiqiang Dong (董百强)}{mailto:bdong@worldcubeassociation.org}] [{Ethan Pride}{mailto:epride@worldcubeassociation.org}] [{Kit Clement}{mailto:kclement@worldcubeassociation.org}] [{Philippe Virouleau}{mailto:pvirouleau@worldcubeassociation.org}]', '[{Akash Rupela}{mailto:arupela@worldcubeassociation.org}] [{Baiqiang Dong (董百强)}{mailto:bdong@worldcubeassociation.org}] [{Callum James Goodyear}{mailto:cgoodyear@worldcubeassociation.org}] [{Ethan Pride}{mailto:epride@worldcubeassociation.org}] [{Kit Clement}{mailto:kclement@worldcubeassociation.org}] [{Philippe Virouleau}{mailto:pvirouleau@worldcubeassociation.org}] [{Theo Daniel Gallegos Cuevas}{mailto:theogallegos88@gmail.com}]', 'Multiple Cities', 'Multiple Locations', 'See the locations tab for more information about venue locations', NULL, 'FMC 2020', 0, 0),
	('FMCAsia2019', 'FMC Asia 2019', 'Multiple cities (see website)', 'XA', '**YOU MUST INCLUDE THE LOCATION YOU ARE ATTENDING IN YOUR REGISTRATION COMMENT.**\r\n\r\nThe competition will be held in multiple locations, Asia. Please pay attention to the **date and time zone** of your location!\r\n\r\nLocations may be added until the 9th of November 23:59 UTC so if there isn\'t a location near you yet contact your local [Delegate](https://www.worldcubeassociation.org/delegates) in Asia.', 2019, 12, 7, 2019, 12, 7, 0, '333fm', '[{Akash Rupela}{mailto:arupela@worldcubeassociation.org}] [{Aysha Jamsheer}{mailto:ajamsheer@worldcubeassociation.org}] [{Baiqiang Dong (董百强)}{mailto:bdong@worldcubeassociation.org}] [{Baocheng Wu (吴宝城)}{mailto:bwu@worldcubeassociation.org}] [{Chia-Leo Lin (林珈樂)}{mailto:clin@worldcubeassociation.org}] [{Ilkyoo Choi (최일규)}{mailto:ichoi@worldcubeassociation.org}] [{Ming Zheng (郑鸣)}{mailto:mzheng@worldcubeassociation.org}] [{Myagmardorj Ulziijargal (Өлзийжаргал Мягмардорж)}{mailto:mulziijargal@worldcubeassociation.org}] [{Shuhei Omura (大村周平)}{mailto:somura@worldcubeassociation.org}] [{Somya Srivastava}{mailto:ssrivastava@worldcubeassociation.org}] [{Tanai Chaikraveephand (ธนัย ชัยกระวีพันธ์)}{mailto:tchaikraveephand@worldcubeassociation.org}] [{Ujjawal Pabreja}{mailto:upabreja@worldcubeassociation.org}] [{Wilson Alvis (陈智胜)}{mailto:walvis@worldcubeassociation.org}] [{Xiaobo Jin (金晓波)}{mailto:xjin@worldcubeassociation.org}] [{Zhou Yichen (周奕臣)}{mailto:yzhou@worldcubeassociation.org}]', '[{Baiqiang Dong (董百强)}{mailto:bdong@worldcubeassociation.org}]', 'Multiple venues', 'See locations', 'See [locations](https://www.worldcubeassociation.org/competitions/FMCAsia2019#12753-locations)', NULL, 'FMC Asia 2019', 39900549, 116416645),
	('FMCEurope2020', 'FMC Europe 2020', 'Multiple cities (see website)', 'XE', '# The competition is cancelled due to the COVID-19 outbreak.\r\n### This includes all locations!\r\n\r\nThe competition will be held in multiple locations, throughout Europe. **Please pay attention to the time zone of your location!** For more details, check out the competition website!\r\n\r\nMore locations may be added until the 21st of February 2020, 23:59 UTC. If there is no location near you yet, make sure to regularly check our [website](https://fmc-europe2020.fewest-moves.com/) for new locations!', 2020, 3, 22, 2020, 3, 22, 1, '333fm', '[{Laura Ohrndorf}{mailto:lohrndorf@worldcubeassociation.org}] [{Linus Frész}{mailto:linuf95@gmail.com}] [{Sébastien Auroux}{mailto:sauroux@worldcubeassociation.org}]', '[{Laura Ohrndorf}{mailto:lohrndorf@worldcubeassociation.org}] [{Linus Frész}{mailto:linuf95@gmail.com}] [{Sébastien Auroux}{mailto:sauroux@worldcubeassociation.org}]', 'Multiple venues; [Registered locations](https://fmc-europe2020.fewest-moves.com/)', 'Multiple locations throughout Europe (see competition website)', '', 'https://fmc-europe2020.fewest-moves.com/', 'FMC Europe 2020', 50850339, 4351710),
	('FMCLatinAmerica2016', 'FMC Latin America 2016', 'Multiple cities (see website)', 'XS', 'This competition will be held in multiple countries from Latin America. For more information visit the competition website.', 2016, 1, 31, 2016, 1, 31, 0, '333fm', '[{Adrián Ramírez}{mailto:aramirez@worldcubeassociation.org}] [{Nestor Sanchez}{mailto:nestorsanchez3d@gmail.com}] [{Oscar Alberto Ceballos Contreras}{mailto:oscaralbertoceballos@gmail.com}] [{Pedro Santos Guimarães}{mailto:pguimaraes@worldcubeassociation.org}] [{Rafael de Andrade Cinoto}{mailto:rcinoto@worldcubeassociation.org}] [{Ricardo Piotti}{mailto:rpiotti@worldcubeassociation.org}]', '[{Adrián Ramírez}{mailto:aramirez@worldcubeassociation.org}] [{Luis J. Iáñez}{mailto:luisjianez@gmail.com}]', 'Multiple venues; [Registered locations](http://fmcla.cubecomps.com/2016/locations)', '(see website)', '', 'http://fmcla.cubecomps.com', 'FMC Latin America 2016', -12239264, -64632102),
	('FMCLatinAmerica2023', 'FMC Latin America 2023', 'Multiple Cities', 'XM', '*English:*\r\n\r\nThis competition will hold **only 3x3x3 Fewest Moves event**, and it will be held in multiple locations, across Latin America. Please pay attention to the **date and time zone** of your [location](https://www.worldcubeassociation.org/competitions/FMCLatinAmerica2023#24247-locations-lugares)!\r\n\r\nLocations may be added until the 25th of February 23:59UTC so if there isn\'t a location near you yet contact your local [Delegate](https://www.worldcubeassociation.org/delegates) in Latin America.\r\n\r\n---\r\n\r\n*Español:*\r\n\r\nEsta competencia tendrá **solo el evento 3x3x3 Menos Movimientos**, y se llevará a cabo en múltiples ubicaciones en América Latina. ¡Preste atención a la **fecha y zona horaria** de su [ubicación](https://www.worldcubeassociation.org/competitions/FMCLatinAmerica2023#24247-locations-lugares)!\r\n\r\nSe pueden agregar ubicaciones hasta el 25 de febrero a las 23:59 UTC, por lo que si aún no hay una ubicación cerca de usted, comuníquese con su [Delegado](https://www.worldcubeassociation.org/delegates) local en América Latina.\r\n\r\n---\r\n\r\n*Português:*\r\n\r\nEsta competição contará **apenas com a modalidade 3x3x3 Menos Movimentos** e será realizada em vários locais da América Latina. Preste atenção à **data e fuso horário** da sua [localidade](https://www.worldcubeassociation.org/competitions/FMCLatinAmerica2023#24247-locations-lugares)!\r\n\r\nOs locais podem ser adicionados até 25 de fevereiro às 23h59 UTC, portanto, se ainda não houver um local próximo a você, entre em contato com o [Delegado](https://www.worldcubeassociation.org/delegates) local na América Latina.', 2023, 3, 25, 2023, 3, 25, 0, '333fm', '[{Andrés Hisashi Suzuki Cabrera}{mailto:asuzuki@worldcubeassociation.org}] [{Areli Rubí Gordillo Martínez}{mailto:amartinez@worldcubeassociation.org}] [{Carlos Ricardo Chin Dzul}{mailto:cdzul@worldcubeassociation.org}] [{Cristian Ezequiel Vega}{mailto:cvega@worldcubeassociation.org}] [{Dennis Rosero}{mailto:drosero@worldcubeassociation.org}] [{Egdar Castillo}{mailto:ecastillo@worldcubeassociation.org}] [{Elias Miguel Acosta Acosta}{mailto:eacosta@worldcubeassociation.org}] [{Enrymar Cisneros}{mailto:ecisneros@worldcubeassociation.org}] [{Felipe Andres Rojas Garces}{mailto:fgarces@worldcubeassociation.org}] [{Gennaro Monetti}{mailto:gmonetti@worldcubeassociation.org}] [{Giovane Rubin Fioravanti}{mailto:gigio.rubin@hotmail.com}] [{Guido Dipietro}{mailto:gdipietro@worldcubeassociation.org}] [{Guilherme Santana Campos}{mailto:gcampos@worldcubeassociation.org}] [{Gustavo Riveiro}{mailto:griveiro@worldcubeassociation.org}] [{Helar Gomez Chalco}{mailto:hchalco@worldcubeassociation.org}] [{Heron Sato}{mailto:hsato@worldcubeassociation.org}] [{João Vinícius de A. Santos}{mailto:jvinicius@worldcubeassociation.org}] [{Jorge Miguel Trigo}{mailto:jtrigo@worldcubeassociation.org}] [{José Antonio Gaete Rozas-Peña}{mailto:jgaete@worldcubeassociation.org}] [{José Leonardo Chaparro Prieto}{mailto:jprieto@worldcubeassociation.org}] [{Kalani Oliveira}{mailto:koliveira@worldcubeassociation.org}] [{Luan Ferreira}{mailto:lferreira@worldcubeassociation.org}] [{Marlon de V. Marques}{mailto:mmarques@worldcubeassociation.org}] [{Michel Andre Gonzaga Quijano}{mailto:mquijano@worldcubeassociation.org}] [{Natán Riggenbach}{mailto:nriggenbach@worldcubeassociation.org}] [{Pedro Miranda Moreira}{mailto:pmiranda@worldcubeassociation.org}] [{Rocio Rodriguez Rivera}{mailto:rocio.94@live.com}] [{Rodrigo Ugarte}{mailto:rugarte@worldcubeassociation.org}] [{Sergio Andres Guillen Ibarra}{mailto:sibarra@worldcubeassociation.org}] [{Xavier Antonio Balderrama}{mailto:xbalderrama@worldcubeassociation.org}]', '[{Agrupación Speedcubing Argentina}{mailto:speedcube.arg@gmail.com}] [{Asociacion Boliviana de SpeedCubing}{mailto:boliviacubing@gmail.com}] [{Asociación Uruguaya de Speedcubing}{mailto:aus-competitions@googlegroups.com}] [{Associação Brasiliense de Cubo Mágico}{mailto:contato@abracm.org.br}] [{Club de SpeedCubing Paraguay}{mailto:speedcubingpy@gmail.com}] [{Speedcubing Chile}{mailto:aspeedcubingchile@gmail.com}] [{Speedcubing Colombia}{mailto:eduardoroserovillena@gmail.com}] [{SpeedCubing Venezuela}{mailto:speedcubingvenezuela@gmail.com}]', 'Multiple Cities', 'Multiple Locations', 'See the locations tab for more information about venue locations', NULL, 'FMC Latin America 2023', -15797515, -47891887),
	('FMCNorthAmericaWest2019', 'FMC North America West 2019', 'Multiple Cities', 'XN', '', 2019, 9, 7, 2019, 9, 7, 0, '333fm', '[{Brandon Harnish}{mailto:bharnish@worldcubeassociation.org}] [{Kevin Matthews}{mailto:kmatthews@worldcubeassociation.org}] [{Kit Clement}{mailto:kclement@worldcubeassociation.org}] [{Lauren Clement}{mailto:lclement@worldcubeassociation.org}] [{Michael Young}{mailto:myoung@worldcubeassociation.org}] [{Ryan Jew}{mailto:rjew@worldcubeassociation.org}]', '[{Andrew Nathenson}{mailto:colorfulpockets01@gmail.com}] [{Brandon Harnish}{mailto:bharnish@worldcubeassociation.org}] [{Elijah Brown}{mailto:ebrown@worldcubeassociation.org}] [{Kevin Matthews}{mailto:kmatthews@worldcubeassociation.org}] [{Kit Clement}{mailto:kclement@worldcubeassociation.org}] [{Lauren Clement}{mailto:lclement@worldcubeassociation.org}] [{Liew Yee Voon (劉倚文)}{mailto:opliew.vanguards@gmail.com}] [{Michael Young}{mailto:myoung@worldcubeassociation.org}] [{Ryan Jew}{mailto:rjew@worldcubeassociation.org}]', 'See the locations tab for more information about venue locations', 'Multiple Locations', '', NULL, 'FMC North America West 2019', 45507194, -122680292),
	('GhanaOpen2019', 'Ghana Open 2019', 'Accra', 'Ghana', '', 2019, 4, 6, 2019, 4, 6, 0, '222 333 pyram skewb', '[{Philippe Virouleau}{mailto:pvirouleau@worldcubeassociation.org}]', '[{Philippe Virouleau}{mailto:pvirouleau@worldcubeassociation.org}] [{Pooja Gokaldas}{mailto:poojavgokaldas@gmail.com}]', 'Al Rayan International School', 'Boundary Rd', 'Auditorium ', NULL, 'Ghana Open 2019', 5629556, -160079),
	('HongKongSummerCubeDay2015', 'Hong Kong Summer Cube Day 2015', 'Hong Kong', 'Hong Kong', 'N/A', 2015, 8, 22, 2015, 8, 22, 0, '222 333 333bf 333oh 444 555 666 clock minx pyram skewb', '[{Chan Tak Chuen (陳德泉)}{mailto:tchan@worldcubeassociation.org}]', NULL, '[The Yard](http://www.theyard.com.hk)', '8D, Wing Hin Factory Building, 31-33 Ng Fong Street, San Po Kong, Kowloon', 'Room Y', 'http://hkrcu.net/hksummer15', 'Hong Kong Summer 2015', 22337968, 114200879),
	('JordanOpen2019', 'Jordan Open 2019', 'Amman', 'Jordan', '**عربي:**\r\nيرجى الضغط على **معلومات اخرى** للحصول على تفاصيل اخرى\r\n\r\n**English:**\r\nPlease refer to the **More Info.** tab for more details.', 2019, 7, 27, 2019, 7, 27, 0, '222 333 444 pyram', '[{Aysha Jamsheer}{mailto:ajamsheer@worldcubeassociation.org}]', '[{Aysha Jamsheer}{mailto:ajamsheer@worldcubeassociation.org}] [{Baha Alshwaiki}{mailto:balshwaiki@worldcubeassociation.org}] [{Clément Cherblanc}{mailto:ccherblanc@worldcubeassociation.org}] [{Fuad Ali}{mailto:fuadrubiks@gmail.com}]', 'Omareyah Schools. المدارس العمرية - ثانوية البنين', 'Omareyah School, Ayaman Ramdan St 3, Amman, Jordan', 'School Theatre. مسرح المدرسة', NULL, 'Jordan Open 2019', 31982482, 35889238),
	('KosovoOpen2023', 'Kosovo Open 2023', 'Prishtina', 'Kosovo', 'For more information check out the tabs!', 2023, 6, 25, 2023, 6, 25, 0, '222 333 333bf 333oh 444 pyram skewb', '[{Aleksandar Arsovski}{mailto:aarsovski@worldcubeassociation.org}] [{Samuel Mema}{mailto:samuelmema33@gmail.com}]', '[{Aleksandar Arsovski}{mailto:aarsovski@worldcubeassociation.org}] [{Lir Ukaj}{mailto:hikmetukaj@gmail.com}]', '[International School of Prishtina](https://ispkosova.com/)', 'Preoc, Marigona Residence, International School of Prishtina / Gracanica 10000', 'Sports hall', NULL, 'Kosovo Open 2023', 42585061, 21106898),
	('LaMassana2021', 'La Massana 2021', 'La Massana', 'Andorra', 'Revisa l\'[horari](https://www.worldcubeassociation.org/competitions/LaMassana2021#competition-schedule). Allà hi trobaràs tota la planificació de la competició. Es prega molta puntualitat. Et recomanem arribar mitja hora abans de cada prova a la qual competeixis.\r\n\r\nLlegeix detingudament la pestanya sobre la [COVID-19](https://www.worldcubeassociation.org/competitions/LaMassana2021#16408-covid-19) amb els principals canvis de la competició a causa de la situació sanitària.\r\n\r\n--------\r\n\r\nRevisa el [horario](https://www.worldcubeassociation.org/competitions/LaMassana2021#competition-schedule). Allí encontraràs toda la planificación de la competición. Se ruega mucha puntualidad. Te recomendamos llegar media hora antes de cada prueba en la que compitas.\r\n\r\nLee detenidamente la pestaña sobre el [COVID-19](https://www.worldcubeassociation.org/competitions/LaMassana2021#16408-covid-19) con los principales cambios de la competición debido a la situación sanitaria.\r\n\r\n--------\r\n\r\nCheck the [schedule](https://www.worldcubeassociation.org/competitions/LaMassana2021#competition-schedule). There you can see all the planning of the competition. Please be very punctual. We recommend you to arrive half hour in advance for each event you compete in.\r\n\r\nRead carefully the tab about [COVID-19](https://www.worldcubeassociation.org/competitions/LaMassana2021#16408-covid-19) with the main changes in the competition due to the health situation.', 2021, 10, 30, 2021, 10, 31, 0, '222 333 333fm 333oh 444 555 clock pyram skewb sq1', '[{Javier Tirado Ortiz}{mailto:jortiz@worldcubeassociation.org}]', '[{Club de Rubik de Catalunya}{mailto:wca@rubik.cat}] [{Marcos Ameijeiras Moreno}{mailto:marcos@rubik.cat}] [{Pablo Nicolás Oshiro Mondoñedo}{mailto:pabloosmo@hotmail.com}] [{Pau Vela García}{mailto:pau.vela.garcia@gmail.com}]', '[La Closeta](https://www.lamassana.ad/serveis-equipaments/teatre-fontetes-sales-comunals)', 'Av. de Sant Antoni, 29, AD400 La Massana, Andorra', '', 'https://www.rubik.cat/campionats/la-massana-2021', 'La Massana 2021', 42544860, 1515505),
	('LightsOfReykjavik2019', 'Lights of Reykjavik 2019', 'Hafnarfjörður', 'Iceland', '**Walk in registrations will be allowed until we reach the limit of registration**\r\n\r\nSpace in the venue is limited, please let us know how many people will come with you.\r\nYou will have to pay the registration fees at the venue the day of the competition to participate: kr1500 (~11€)\r\n________\r\n\r\nPláss á staðnum er takmarkað svo endilega látið okkur vita hversu marga gesti þið munuð hafa með ykkur.\r\nMótsgjald er 1500 krónur fyrir keppendur og verður það greitt á mótsdag.\r\n________\r\n.', 2019, 1, 4, 2019, 1, 5, 0, '222 333 333bf 333ft 333oh 444 555 666 777 clock minx pyram skewb sq1', '[{Hari Anirudh}{mailto:harisv.1994@gmail.com}]', '[{Clément Cherblanc}{mailto:ccherblanc@worldcubeassociation.org}] [{Danival Heide Sævarsson}{mailto:dsaevarsson@worldcubeassociation.org}] [{Pétur Óskarsson}{mailto:petur@viator.is}] [{Rúnar Gauti Gunnarsson}{mailto:runarg2002@gmail.com}]', 'Flensborgarskólinn', 'Hringbraut 10, 220, Hafnarfjordur, Iceland', 'Follow the signs/ fylgið merkingunum', NULL, 'Lights of Reykjavik 2019', 64065124, -21951281),
	('LuandaOpen2023', 'Luanda Open 2023', 'Luanda', 'Angola', '🇦🇴 Bem-vindos à 1ª competição oficial da WCA em Angola!\r\n\r\nSua inscrição só será aprovada no site da WCA após a confirmação do pagamento, que deverá ser efetuado de forma antecipada - mais informações na aba [Inscrever](https://www.worldcubeassociation.org/competitions/BrasiliaBigsBlind2023/register). Se tiver dificuldades em se inscrever, veja como fazer [neste vídeo](https://www.youtube.com/watch?v=-cJNjPk_J4M).\r\n\r\nFavor leia o [Regulamento da WCA](https://www.worldcubeassociation.org/regulations/translations/portuguese-brazilian) antes da competição.\r\n\r\n---\r\n\r\n🇺🇸 Welcome to the 1st WCA official competition in Angola!\r\n\r\nYour registration will only be approved in the WCA website after payment confirmation, which must be made in advance - more information in the [Register](https://www.worldcubeassociation.org/competitions/BrasiliaBigsBlind2023/register) tab. If you have any problem with how to register, take a look at [this video](https://www.youtube.com/watch?v=-cJNjPk_J4M).\r\n\r\nPlease read the [WCA Regulations](https://www.worldcubeassociation.org/regulations) before the competition.', 2023, 5, 7, 2023, 5, 7, 0, '222 333 333oh', '[{Cláudio Vidal da Silva Morais}{mailto:vidalmorais84@gmail.com}] [{Marlon de V. Marques}{mailto:mmarques@worldcubeassociation.org}]', '[{Cláudio Vidal da Silva Morais}{mailto:vidalmorais84@gmail.com}] [{Kahilo Pedro Massango}{mailto:kahilo42@gmail.com}] [{Manuel Ngola Cusseiala}{mailto:ngolakjr@gmail.com}] [{Marlon de V. Marques}{mailto:mmarques@worldcubeassociation.org}] [{Roger Nataniel Issassa dos Santos}{mailto:rogerdossantos25@hotmail.com}] [{Vivaldo Cristóvão Roque}{mailto:2001vivaldo@gmail.com}]', 'Mediateca Zé Du - Cazenga', '574M+9CQ, Rua dos Comandos, Cazenga', 'Auditório', NULL, 'Luanda Open 2023', -8844037, 13283609),
	('LuxembourgPiDay2020', 'Luxembourg Pi Day 2020', 'Esch-sur-Alzette', 'Luxembourg', '# The competition is cancelled due to the COVID-19 outbreak.\r\n**English**\r\nWelcome to the second official competition in Luxembourg! If this is your first competition you can find some useful information on the \"Newcomer Information\" tab.\r\nThere is no registration fee for this competition, but if you want you can make a donation. The money collected this way will be used to help organize future competitions in Luxembourg. Please note that only online registration is is free. If you register on the spot the fee is 1€.\r\n\r\n**Deutsch**\r\nWillkommen zum zweiten offiziellen Wettbewerb in Luxemburg! Wenn dies dein erster Wettbewerb ist, findest du im Tab \"Newcomer Information\" nützliche Informationen.\r\nEs gibt keine Anmeldegebühr für diesen Wettbewerb, aber wenn du möchtest, kannst du eine Spende machen. Das auf diese Weise gesammelte Geld wird für die Organisation zukünftiger Wettbewerbe in Luxemburg verwendet. Bitte beachte dass nur die Online Registration kostenlos ist. Wenn du dich vor Ort registrierst bezahlst du 1€.\r\n\r\n**Français**\r\nBienvenue à la deuxième compétition du Luxembourg! Si c\'est votre première compétition, il y a des informations très utiles dans l\'onglet \"Newcomer Information\".\r\nIl n\'y a pas de frais d\'inscription pour cette competition, mais tu peux malgré tout faire un don. L\'argent collecté servira à organiser des futur competitions. Veuillez noter que seule l‘inscription en ligne est gratuite.  L\'inscription sur place sera à 1€.\r\n\r\n**Lëtzebuergesch**\r\nWëllkomm zu der zweeter offizieller Compétitioun zu Lëtzebuerg! Wann dëst deng éischt Compétitioun ass, da fënns du am Tab \"Newcomer Informations\" nëtzlech Informatiounen.\r\nEt kascht näischt matzemaachen, mee wanns du wëlls, kanns du gären eng Spend maachen. Dës Suen ginn agesat fir weider Compétitionen zu Lëtzebuerg ze organiséieren! Nëmmen wanns du dech online registréiers ass ett gratis. Wanns du dech um Event selwer umells, kascht ett dëch 1€.', 2020, 3, 14, 2020, 3, 14, 1, '222 333 333bf 444 minx pyram skewb', '[{Tobias Peter}{mailto:tobias.peter@bluewin.ch}]', '[{Andrea Thull}{mailto:andreathull@gmail.com}] [{Carlo Glod}{mailto:carlo.glod@gmail.com}] [{Joe Theis}{mailto:joe@theis.lu}] [{Philippe Schwartz}{mailto:schwartz.philippe@hotmail.com}] [{Sebastiano Tronto}{mailto:stronto@worldcubeassociation.org}]', '[Maison du Savoir, Belval campus](https://wwwen.uni.lu/contact/campus_de_belval)', '2 Avenue de l\'Universite, 4365 Esch-sur-Alzette, Luxembourg', 'Main university building, 4th floor', NULL, 'Luxembourg Pi Day 2020', 49504552, 5948429),
	('MacauOpen2009', 'Macau Rubik\'s Open 2009', 'Macau', 'Macau', '', 2009, 8, 15, 2009, 8, 15, 0, '222 333 333bf 333oh 444 magic mmagic', '[{Chan Tak Chuen (陳德泉)}{mailto:tchan@worldcubeassociation.org}]', NULL, '[Macau Fisherman´s Wharf](http://www.fishermanswharf.com.mo)', 'Avenida da Amizade e Avenida Dr.Sun Yat-Sen', '', 'http://hkcubeunion.net/mo09', 'Macau Rubik\'s Open 2009', 22195203, 113554830),
	('MacedoniaWinter2019', 'Macedonia Winter 2019', 'Skopje', 'North Macedonia', 'For more information check out the tabs!', 2019, 2, 2, 2019, 2, 3, 0, '222 333 333bf 333oh 444 555 minx pyram skewb', '[{Tobias Peter}{mailto:tobias.peter@bluewin.ch}]', '[{Aleksandar Arsovski}{mailto:aarsovski@worldcubeassociation.org}] [{Reto Bubendorf}{mailto:retobubendorf@gmail.com}]', 'Hotel Aleksandar Palace, Skopje', 'Prohor Pcinjski, Skopje 1000', 'Congress hall (there will be signs on the venue)', NULL, 'Macedonia Winter 2019', 42010787, 21405594),
	('MadagascarCubingOpen2019', 'Madagascar Cubing Open 2019', 'Antananarivo', 'Madagascar', 'Madagascar will host for the first time a WCA competition !\r\n\r\nOnly Malagasy competitors are eligible for prizes and podiums.\r\n_____\r\nMadagascar accueillera pour la première fois une compétition de la WCA !\r\n\r\nSeulement les compétiteurs Malgaches sont eligibles pour les prix et podiums.', 2019, 6, 1, 2019, 6, 1, 0, '222 333 333oh 444 555', '[{Akash Rupela}{mailto:arupela@worldcubeassociation.org}]', '[{Andy Rasoanarivo}{mailto:okalouservices@gmail.com}] [{Clément Cherblanc}{mailto:ccherblanc@worldcubeassociation.org}] [{Malagasy Association of Cubers}{mailto:mg.associationmac@gmail.com}]', 'Skate Park ', 'Skate Park Antanimena', 'Inside the Skate Park', NULL, 'Madagascar Cubing Open 2019', -18897946, 47523840),
	('MaltaOpen2019', 'Malta Open 2019', 'Msida', 'Malta', 'This is the first WCA competition in Malta. It is an open competition for all people from all ages and all countries.\r\nWe hope many people from Malta and other countries will participate.\r\n\r\nThe competition also counts as the national championship for Malta.\r\nSo the best competitors from Malta will be the national champions 2019 of Malta.\r\n\r\nDoors are open from 8:30am.', 2019, 11, 30, 2019, 11, 30, 0, '222 333 333bf 444 555 pyram skewb', '[{Ron van Bruchem}{mailto:rbruchem@worldcubeassociation.org}]', '[{James Golding}{mailto:jamesgolding1337@gmail.com}] [{Ron van Bruchem}{mailto:rbruchem@worldcubeassociation.org}]', '[The University of Malta](https://www.um.edu.mt/)', 'Mathematics and Physics Building, University of Malta, Msida MSD 2080, Malta.', 'Room MP401', NULL, 'Malta Open 2019', 35903086, 14484349),
	('MauritiusOpen2020', 'Mauritius Open 2020', 'Moka', 'Mauritius', 'The competition will happen in the Gymnasium, kindly follow the posters to reach the venue.', 2020, 2, 23, 2020, 2, 23, 0, '222 333 333oh 444 pyram', '[{Milind Bhoyroo}{mailto:mbhoyroo@worldcubeassociation.org}]', '[{Milind Bhoyroo}{mailto:mbhoyroo@worldcubeassociation.org}]', 'Lycée des Mascareignes', 'Lycée des Mascareignes, Helvetia, Saint Pierre', 'The competition will happen in the Gymnasium, kindly follow the posters to reach the venue.', NULL, 'Mauritius Open 2020', -20227087, 57524617),
	('MoldovaOpen2020', 'Moldova Open 2020', 'Chişinău', 'Moldova', 'This is the first WCA competition in Moldova since 2017. It is an open competition for all people of all ages and from all countries.\r\nWe hope many people from Moldova and other countries will participate.\r\n\r\nThe competition also counts as the national championship for Moldova.\r\nSo the best competitors from Moldova will be the national champions 2019 of Moldova.', 2020, 1, 11, 2020, 1, 11, 0, '222 333 333bf 444 555 pyram skewb', '[{Mihai Căpăţinescu}{mailto:mcapatinescu@worldcubeassociation.org}] [{Ron van Bruchem}{mailto:rbruchem@worldcubeassociation.org}]', '[{Costea Livadari}{mailto:livadari.costea@gmail.com}] [{Mihai Căpăţinescu}{mailto:mcapatinescu@worldcubeassociation.org}] [{Ron van Bruchem}{mailto:rbruchem@worldcubeassociation.org}]', '[Moldova State University](http://usm.md/?lang=en)', '60 Alexei Mateevici Str., Chişinău, MD-2009', 'Faculty of Mathematics and Computer Science, 4th Building, room Sala de Lectura, second floor.', NULL, 'Moldova Open 2020', 47018522, 28823824),
	('MontenegroOpen2019', 'Montenegro Open 2019', 'Podgorica', 'Montenegro', 'For more information check out the tabs!\r\nZa više informacija pogledajte tabove!', 2019, 2, 9, 2019, 2, 10, 0, '222 333 333bf 333oh 444 555 minx pyram skewb sq1', '[{Tobias Peter}{mailto:tobias.peter@bluewin.ch}]', '[{David Pantović}{mailto:davidpantovic24@gmail.com}] [{Reto Bubendorf}{mailto:retobubendorf@gmail.com}]', 'University of Montenegro', 'Bulevar Džordža Vašingtona, Podgorica', 'on the second floor, follow the signs', NULL, 'Montenegro Open 2019', 42443069, 19240667),
	('MoroccoSummer2019', 'Morocco Summer 2019', 'Rabat', 'Morocco', 'L\'inscription est ouverte à tout le monde jusqu\'à l\'atteinte de 50 compétiteurs inscrits.\r\nThe competition is open to everyone until the 50 competitor limit is reached.\r\nTime: 8am until 7pm.', 2019, 7, 7, 2019, 7, 7, 0, '222 333 333bf 333oh 444 minx', '[{Soufiane Lakhlifi}{mailto:slakhlifi@worldcubeassociation.org}]', '[{Mohamed Elkhatri}{mailto:mohamed.elkhatri2002@gmail.com}] [{Omar Ouadouha}{mailto:omar.ouadouha1@gmail.com}]', 'École Nationale Supérieure des Mines de Rabat', 'Ecole Nationale supérieure des Mines de Rabat, Rabat', 'Salle des invités', NULL, 'Morocco Summer 2019', 34000312, -6854812),
	('NigeriaOpen2019', 'Nigeria Open 2019', 'Lagos', 'Nigeria', 'You\'re asked to have read the [WCA regulations](https://www.worldcubeassociation.org/regulations/), the tutorial at the competition is here to remind them to you!\r\nIt is very important to attend to at least one of the tutorials so that you can understand how the competition goes and to avoid incidents!\r\n\r\nThe competition is open to all competitors, of all ages and all nationalities!', 2019, 5, 25, 2019, 5, 26, 0, '222 333 333bf 333oh 444 444bf 555 minx pyram skewb', '[{Soufiane Lakhlifi}{mailto:slakhlifi@worldcubeassociation.org}]', '[{Arinze Owoh}{mailto:arinzeowoh@gmail.com}] [{Clément Cherblanc}{mailto:ccherblanc@worldcubeassociation.org}] [{Kemi Awe}{mailto:kawe@worldcubeassociation.org}]', '[Lycée Français Louis Pasteur](https://www.lflp-lagos.com)', '16 Younis Bashorun Street, Victoria Island, Lagos, Nigeria', 'Room: Salle des Droits de l\'Homme', NULL, 'Nigeria Open 2019', 6426613, 3436617),
	('OmanOpen2023', 'Oman Open 2023', 'Muscat', 'Oman', 'This is the first WCA competition in Oman.\r\nThe competition is the national championship of Oman for the year 2023. \r\nThe competition is open to all persons from all countries.\r\n\r\nThere will be prizes and honours:\r\n- top 3 competitors with the nationality of Oman\r\n- competitors without the nationality of Oman, who finish in top 3 of an event\r\n\r\n', 2023, 3, 11, 2023, 3, 11, 0, '222 333 333oh 444 555', '[{Aysha Jamsheer}{mailto:ajamsheer@worldcubeassociation.org}] [{Baha Alshwaiki}{mailto:balshwaiki@worldcubeassociation.org}] [{Ron van Bruchem}{mailto:rbruchem@worldcubeassociation.org}]', '[{Baha Alshwaiki}{mailto:balshwaiki@worldcubeassociation.org}] [{Farah Omar Alomar}{mailto:faroo7a_alomar@hotmail.com}] [{Ron van Bruchem}{mailto:rbruchem@worldcubeassociation.org}]', '[HORMUZ Grand Muscat hotel](https://www.radissonhotels.com/en-us/hotels/radisson-collection-muscat)', 'Al Matar St Muscat 111, 128, Oman', 'room Oryx 1', NULL, 'Oman Open 2023', 23576812, 58292062),
	('PakistanWinter2019', 'Pakistan Winter 2019', 'Islamabad', 'Pakistan', 'See tabs for more information about the competition.', 2019, 12, 21, 2019, 12, 21, 0, '222 333 333oh 444 555', '[{Abdullah Gulab}{mailto:agulab@worldcubeassociation.org}]', '[{Abdullah Gulab}{mailto:agulab@worldcubeassociation.org}]', 'Air University', 'Service Rd E-9 / E-8, E-9, Islamabad', 'Main Auditorium', 'http://cubingpakistan.com/', 'Pakistan Winter 2019', 33713800, 73024700),
	('PalestineOpen2019', 'Palestine Open 2019', 'Al-Beira', 'Palestine', '', 2019, 7, 6, 2019, 7, 7, 0, '222 333 333oh 444 555 minx pyram skewb sq1', '[{Ilya Tsiareshka}{mailto:itsiareshka@worldcubeassociation.org}]', '[{Ahmad Abu Hussein}{mailto:amah22222@yahoo.com}]', 'Baladeya Al Bireh', 'Baladeya Al Bireh, Al-Bireh,00970 Be\'Erot, West Bank', 'On the first floor far in the back', NULL, 'Palestine Open 2019', 31904212, 35212635),
	('PchelkaOpen2018', 'Pchelka Open 2018', 'Chopon-Ata, Issyk Kul', 'Kyrgyzstan', 'There is a competitor limit of 150 competitors. If you register and later decide to not attend the competition, please inform the organizers so another competitor can get a seat.\r\nЛимит участников 150 человек.Если вы зарегистрируетесь, а затем решите не участвовать в конкурсе, сообщите об этом организаторам.', 2018, 8, 22, 2018, 8, 23, 0, '222 333 333bf 333oh 444 555 minx pyram skewb sq1', '[{Akash Rupela}{mailto:arupela@worldcubeassociation.org}]', '[{Akash Rupela}{mailto:arupela@worldcubeassociation.org}] [{Clément Cherblanc}{mailto:ccherblanc@worldcubeassociation.org}] [{Nadira Haroon}{mailto:nad_ira25@yahoo.com}] [{Nazira Shayimkulova}{mailto:pchelka.kg@gmail.com}]', 'Children\'s Camp Barchyn', 'Children\'s Camp Barchyn, Chon-Sary-Oy, Chopon-Ata, Issyk Kul, Kyrgyzstan', '', NULL, 'Pchelka Open 2018', 42609102, 76915328),
	('PragueOpen2023', 'Prague Open 2023', 'Prague', 'Czech Republic', '![](https://www.worldcubeassociation.org/rails/active_storage/blobs/redirect/eyJfcmFpbHMiOnsibWVzc2FnZSI6IkJBaHBBaHM1IiwiZXhwIjpudWxsLCJwdXIiOiJibG9iX2lkIn19--fc33ae9e439080ea857be81b152f0c14a55fe718/prague.png)\r\nPlease read carefully all the tabs! \r\n\r\nProsíme, přečtěte si pečlivě všechny záložky!', 2023, 6, 17, 2023, 6, 18, 0, '222 333 333bf 333oh 444 555 minx pyram skewb sq1', '[{Emma Beranová}{mailto:eberanova@worldcubeassociation.org}] [{Jan Fonš}{mailto:honzafons@seznam.cz}]', '[{Arsenij Kuprin}{mailto:kuprin.ars@gmail.com}] [{Emma Beranová}{mailto:eberanova@worldcubeassociation.org}] [{Tomáš Nguyen}{mailto:tomas.nguyen159@gmail.com}]', 'Základní škola a Mateřská škola Červený Vrch', 'Alžírská 26/680,  Praha 6 - Vokovice', 'Jídelna', NULL, 'Prague Open 2023', 50095384, 14353753),
	('Q8speedcubinginKSE2023', 'Q8speedcubing in K.S.E 2023', 'Bneid Al-Gar', 'Kuwait', 'أهلا بكم في مسابقة \r\nQ8speedcubing 2023.\r\nالعنوان :- الكويت - بنيد القار - شارع السور - جمعية المهندسين الكويتية - قاعة السرداب كما هو موضح في رابط خرائط جوجل \r\n\r\nWelcome to Q8speedcubing in K.S.E 2023 \r\nKuwait - Bnied Al-Gar - Soor St. - Kuwait Soceity of Engineers as shown in the Google maps link .\r\nThe competition is in hall in the basment .\r\n![](https://www.worldcubeassociation.org/rails/active_storage/blobs/redirect/eyJfcmFpbHMiOnsibWVzc2FnZSI6IkJBaHBBbHd3IiwiZXhwIjpudWxsLCJwdXIiOiJibG9iX2lkIn19--c8d2ceffa16f32641b740813db8e197348f3de2c/Q8.png)![](https://www.worldcubeassociation.org/rails/active_storage/blobs/redirect/eyJfcmFpbHMiOnsibWVzc2FnZSI6IkJBaHBBbDB3IiwiZXhwIjpudWxsLCJwdXIiOiJibG9iX2lkIn19--a1b63aa936b62d3e021c7dae0dfee8c7126069c8/K.S.E.jpg)\r\n\r\n', 2023, 3, 10, 2023, 3, 11, 0, '222 333 333bf 333fm 333mbf 333oh 444 555 clock minx pyram skewb sq1', '[{Zakarya Otair}{mailto:zotair@worldcubeassociation.org}]', '[{Mohammad Almoumen}{mailto:almoumn95@gmail.com}] [{Saoud Abdulaziz Almutawa}{mailto:almutawa002@gmail.com}]', 'Kuwait Society of Engineers  ', 'Soor St  Kuwait City, Kuwait', 'Theater in the basement of the building .', NULL, 'Q8speedcubing in K.S.E 2023', 29381720, 48002043),
	('RamliMallOpen2019', 'Ramli Mall Open 2019', 'Aali', 'Bahrain', '**عربي:**\r\nيرجى الضغط على**معلومات اخرى** للحصول على تفاصيل اخرى\r\n\r\n**English:**\r\nPlease refer to the **More Info.** tab for more details.', 2019, 11, 23, 2019, 11, 23, 0, '222 333 333bf 333oh 444 pyram skewb sq1', '[{Aysha Jamsheer}{mailto:ajamsheer@worldcubeassociation.org}]', '[{Aysha Jamsheer}{mailto:ajamsheer@worldcubeassociation.org}] [{Ebrahim Jamsheer}{mailto:jamsheerebrahim@hotmail.com}] [{Matteo Dummar}{mailto:mdummar@worldcubeassociation.org}] [{Pulkit Mehra}{mailto:pulkitmehra18@gmail.com}]', 'Ramli Mall', 'Rd. No. 3025 Aali', 'Ramli Mall (Main Stage, Basement)', NULL, 'Ramli Mall Open 2019', 26163070, 50523056),
	('RodoOpen2020', 'Rodo Open 2020', 'Peso da Régua', 'Portugal', '# This competition is cancelled due to the COVID-19 outbreak. \r\n\r\n# Esta competição foi cancelada devido ao surto de COVID-19.\r\n', 2020, 3, 21, 2020, 3, 21, 1, '222 333 333bf 444 pyram', '[{António Gomes}{mailto:cubizh@gmail.com}]', '[{Didier Batista Ferreira}{mailto:didierbatista@hotmail.com}]', '[Escola Profissional de Desenvolvimento Rural do Rodo](https://www.epregua.pt)', 'Quinta do Rodo, Rua de Lousada – Godim, Peso da Régua, 5050-092 Peso da Régua', 'Cantina', NULL, 'Rodo Open 2020', 41177216, -7796323),
	('SarajevoOpen2019', 'Sarajevo Open 2019', 'Sarajevo', 'Bosnia and Herzegovina', 'Sarajevo Open 2019 is a speedcubing competition. Anyone can participate, who is familiar with the WCA Regulation, accepts it and meet the competition’s criterias.\r\n\r\n\r\nSarajevo Open 2019 je speedcubing takmičenje. Svako ko poznaje WCA pravila i ispunjava WCA zahtjeve može da učestvuje na takmičenju.\r\n', 2019, 10, 19, 2019, 10, 20, 0, '222 333 333bf 333fm 333oh 444 555 minx pyram skewb sq1', '[{Jernej Omulec}{mailto:jomulec@worldcubeassociation.org}]', '[{Janko Gašić}{mailto:jankogasic@yahoo.com}] [{Jernej Omulec}{mailto:jomulec@worldcubeassociation.org}] [{Marko Vukadinović}{mailto:markovukadinovic94@gmail.com}] [{Nebojša Đurić}{mailto:nebojsadjuric89@gmail.com}]', 'Faculty of Science / Prirodno-matematički fakultet', 'Zmaja od Bosne 33-35', 'Follow the signs ', NULL, 'Sarajevo Open 2019', 43854258, 18394610),
	('SaramadaCubingBangladesh2023', 'Saramada Cubing Bangladesh 2023', 'Dhaka', 'Bangladesh', '\r\n\r\n1. Competitors and guests MUST NOT attend this competition if they have any COVID-19 symptoms or have been in contact with someone who is COVID-19 positive.\r\n2. Please be aware that there are qualification criteria in place for participating in this competition. \r\n3. All the necessary information is given the Tabs, please have a look.\r\n4. Please follow the [Saramada Cubing Bangladesh 2023 ](http://facebook.com/SCBd23), all the updates will be posted there. \r\n\r\n', 2023, 6, 16, 2023, 6, 16, 0, '333 333fm 333oh', '[{Arnab Banik}{mailto:abanik@worldcubeassociation.org}]', '[{Arnab Banik}{mailto:abanik@worldcubeassociation.org}] [{Farhanul Haque Khan}{mailto:illusionkillerfahim@gmail.com}]', '[CubeNation HQ] (https://www.facebook.com/cubenationbd/)', 'CubeNation, House #91-93, Road #W2 ,Block-C, Eastern Housing, Pallabi, Dhaka 1216', '1st Floor, 1A', NULL, 'Saramada Cubing Bangladesh 2023', 23822167, 90352555),
	('SemeyOpen2018', 'Semey Open 2018', 'Semey', 'Kazakhstan', 'Dear competitors and guests!\r\n\r\n1. The official opening ceremony will be held on June 7, 2018 at 7 pm. According to our idea, it will be held at the main square of the city. For the ceremony we will prepare a special show with the famous speedcubers. In this regard, we recommend arriving in the city no later than 12.00 hours on June 7.\r\n\r\n2. The base fee allows to compete in 2x2x2 Cube, 3x3x3 Cube, Skewb, Pyraminx and Clock. For any other event you will need to pay additionally 1000 KZT per event.\r\n\r\n3. The winner of each event will receive a prize!\r\n\r\n===========\r\n\r\nБарлық қатысушылар мен қонақтардың назарына !!!\r\n1. Ресми ашылу 2018 жылдың 7 маусымында сағат 19.00-де өтеді, қаланың орталық алаңында өтеді. Салтанатты ашылу рәсімі үшін атақты спидкуберлер қатысуымен шоу-бағдарлама дайындалады. Осыған байланысты біз 7-маусымда сағат 12.00-ден кешіктірмей қалаға келуді ұсынамыз.\r\n\r\n2. Негізгі сыйақы 2x2x2 куб, 3x3x3 куб, Skewb, Pyraminx және Clock бойынша бәсекелесуге мүмкіндік береді. Кез-келген басқа іс-шараға қосымша бір оқиға үшін 1000 теңге төлеуге тура келеді.\r\n\r\n3. Әр жарыстың жеңімпазы жүлде алады.\r\n\r\n===========\r\n\r\nДополнительная информация:\r\n\r\nВнимание всем участникам и гостям!!!\r\n\r\n1. Официальная церемония открытия, состоится 7 июня 2018 года в 19.00 ч. По нашей задумке она будет проходить на главной площади города. Для церемонии будет подготовлена специальная шоу программа с участием именитых спидкуберов. В связи с этим рекомендуем прибыть в город не позднее 12.00 часов 7 июня.\r\n\r\n2. Регистрационный взнос позволяет принять участие в дисциплинах: 2х2, Rubik\'s Cube, Skweb, Piraminx, Clock. Для участия в других дисциплинах необходимо оплатить  дополнительный взнос по 1000 тенге за каждую дисциплину.  \r\n\r\n3. За первое место во всех дисциплинах предусмотрены призы', 2018, 6, 8, 2018, 6, 9, 0, '222 333 333bf 333fm 333ft 333mbf 333oh 444 444bf 555 555bf 666 777 clock minx pyram skewb sq1', '[{Nikolay Masson (Николай Массон)}{mailto:nmasson@worldcubeassociation.org}] [{Ron van Bruchem}{mailto:rbruchem@worldcubeassociation.org}]', '[{Alikhan Yertursyn (Алихан Ертурсын)}{mailto:a.ertursyn@gmail.com}] [{Arman Mashimov (Арман Машимов)}{mailto:a_mashimov@mail.ru}] [{Hanneke Rijks}{mailto:hannekerijks@gmail.com}] [{Mats Valk}{mailto:matsvalk@gmail.com}] [{Roman Strakhov}{mailto:fpmk2@ya.ru}] [{Ron van Bruchem}{mailto:rbruchem@worldcubeassociation.org}]', '[Nazarbayev Intellectual school of Physics and Mathematics](http://nis.edu.kz/en/schools/nis-semei/)', 'Karagaily St 1, Semey 071404, Kazakhstan', '', NULL, 'Semey Open 2018', 50454897, 80243879),
	('SerbianOpen2019', 'Serbian Open 2019', 'Belgrade', 'Serbia', 'Serbian Open 2019 je speedcubing takmičenje. Svako moze da se takmiči, nezavisno od njihove nacionalnosti ili godina, ali moraju biti upoznati sa WCA Regulacijama. Ovo takmičenje je priznato i kao Srpsko Nacionalno Prvenstvo.\r\n\r\n------------------------\r\n\r\nSerbian Open 2019 is a speedcubing competition. Anyone can participate, no matter which nationality or age they are, but they need to be familiar with the WCA Regulations. This competition is also recognized as a Serbian National Championship.', 2019, 3, 2, 2019, 3, 3, 0, '222 333 333bf 333oh 444 555 666 777 clock minx pyram skewb sq1', '[{Dominik Vidaković}{mailto:dvidakovic@worldcubeassociation.org}] [{Mihai Căpăţinescu}{mailto:mcapatinescu@worldcubeassociation.org}]', '[{Aleksa Ilić}{mailto:ilic.alexa99@gmail.com}] [{Aleksa Radovanović}{mailto:aradovanovic@worldcubeassociation.org}] [{Dominik Vidaković}{mailto:dvidakovic@worldcubeassociation.org}] [{Mihai Căpăţinescu}{mailto:mcapatinescu@worldcubeassociation.org}]', '[Mathematical Grammar School](https://www.mg.edu.rs)', 'Kraljice Natalije 37, Beograd 11000, Srbija', 'Pratite znakove da dođete do hale. / Follow the signs to the venue. ', NULL, 'Serbian Open 2019', 44809148, 20461400),
	('SharetSchool2018', 'Sharet School 2018', 'Netanya', 'Israel', 'Competition limited to 120 persons.\r\n\r\n* אם יש באפשרותכם להביא טיימרים רשמיים לתחרות, נודה לכם על העזרה\r\n* If you can provide an official timer, we will appreciate your help.', 2018, 3, 25, 2018, 3, 25, 0, '222 333', '[{Amit Sheffer}{mailto:asheffer@worldcubeassociation.org}]', '[{Amit Sheffer}{mailto:asheffer@worldcubeassociation.org}] [{Paola Levy}{mailto:paulatelem@gmail.com}]', 'School Gym', 'Sharet school, Zilber 14, Netanya', '', NULL, 'Sharet School 2018', 32342809, 34865815),
	('SmartCubersEgypt2019', 'Smart Cubers Egypt 2019', 'Hurghada', 'Egypt', 'Please read the \"More Info. / معلومات اخرى\" tab.', 2019, 6, 22, 2019, 6, 22, 0, '222 333 444', '[{Aysha Jamsheer}{mailto:ajamsheer@worldcubeassociation.org}]', '[{Clément Cherblanc}{mailto:ccherblanc@worldcubeassociation.org}] [{Mohamed Salem Diab}{mailto:mohamed_diaaab@yahoo.com}]', 'Long Beach Resort Hurghada', 'Sahl Hashish Rd, Hurghada', '', NULL, 'Smart Cubers Egypt 2019', 27081306, 33859250),
	('SpeedcubingPaphos2019', 'Speedcubing Paphos 2019', 'Paphos', 'Cyprus', ' Please read important information on \"Registration requirements\".\r\n', 2019, 9, 21, 2019, 9, 21, 0, '222 333 333oh 444 pyram skewb', '[{Mihai Căpăţinescu}{mailto:mcapatinescu@worldcubeassociation.org}]', '[{Michael Eleftheriades}{mailto:eleftheriadesm@gmail.com}] [{Mihai Căpăţinescu}{mailto:mcapatinescu@worldcubeassociation.org}] [{Shamil Magomedov}{mailto:smagomedov@worldcubeassociation.org}] [{Theodosia Kyriakou}{mailto:kyriakoutheodosia30@gmail.com}]', '[The International School of Paphos](http://www.paphosinternationalschool.com/en/)', ' 100 Aristotelous Savva Avenue, Anavargos, Paphos, Cyprus', 'B BLOCK EXAMINATIONS HALL', 'http://cypruscubing.com', 'Speedcubing Paphos 2019', 34800227, 32450693),
	('SpeedcubingSlovakia2022', 'Speedcubing Slovakia 2022', 'Bratislava', 'Slovakia', '![](https://i.imgur.com/CDJ3dyD.png)\r\n\r\nPrvá súťaž na Slovensku od začiatku pandémie. Všetci sú vítaní :D\r\n\r\n---\r\nFirst competition in Slovakia since the pandemic started. Everyone is welcome :D', 2022, 8, 13, 2022, 8, 14, 0, '222 333 333bf 333oh 444 555 666 777 clock minx skewb', '[{Hubert Hanusiak}{mailto:hhanusiak@worldcubeassociation.org}]', '[{Adam Brestovanský}{mailto:brestovanskyadam20@gmail.com}] [{Marek Majerik}{mailto:marecek.majerik@gmail.com}] [{Šimon Borovský}{mailto:sborovsky@worldcubeassociation.org}]', '[Budova Vedeckého parku UK v Bratislave](https://cusp.uniba.sk/o-vedeckom-parku/)', 'Ilkovičova 8, 841 04 Karlova Ves, Slovakia', 'First floor', NULL, 'Speedcubing Slovakia 2022', 48149525, 17073370),
	('SundaySilenceSingapore2022', 'Sunday Silence Singapore 2022', 'Singapore', 'Singapore', 'While guests are permitted,  we recommend that any accompanying guests should wait in TripleOne Somerset Mall so as to not distract the competitors.  Guests who remain in the venue must remain silent when events are ongoing. Guests and/or competitors that are disruptive may be asked to leave the venue.', 2022, 7, 24, 2022, 7, 24, 0, '333fm 333mbf 444bf 555bf', '[{Zhou Yichen (周奕臣)}{mailto:yzhou@worldcubeassociation.org}]', '[{Carmen Teo Bin Jie (张斌婕)}{mailto:carmmteo@gmail.com}] [{Wong Chong Wen (黄崇文)}{mailto:wongchongwench@gmail.com}]', 'Umazing Events @ TripleOne Somerset', '111 Somerset Road, Singapore 238164', '[#11-22 TripleOne Somerset]()', 'https://sites.google.com/view/sunday-silence-singapore', 'Sunday Silence Singapore 2022', 1300197, 103837349),
	('SwisscubingCupIV2023', 'Swisscubing Cup IV 2023', 'Vaduz (LI)', 'Liechtenstein', 'Swisscubing Cup IV ist Teil des Swisscubing Cup 2023. Dieser besteht aus 6 Competitions über das ganze Jahr verteilt. Um mehr darüber zu erfahren, besuche https://swisscubing.ch/swisscubing-cup-2023/.\r\nTeilnehmer die sich registrieren aber nicht bezahlen, müssen die Teilnahmegebühr bei ihrer nächsten Competition in der Schweiz bezahlen.\r\n______________________________________________________________________________________________\r\n\r\nSwisscubing Cup IV is part of the Swisscubing Cup 2023, made of 6 competitions during the whole year. Check out on https://swisscubing.ch/swisscubing-cup-2023/ for the details of the other editions.\r\nA competitor who registers and doesn\'t show up at the competition will have to pay that registration fee at his next competition in Switzerland.', 2023, 6, 24, 2023, 6, 25, 0, '222 333 333bf 333oh 444 444bf 555 minx pyram', '[{Ioannis Papadopoulos}{mailto:ipapadopoulos@worldcubeassociation.org}] [{Mattia Pasquini}{mailto:mpasquini@worldcubeassociation.org}]', '[{Stefan Loosli}{mailto:stee.loosli@gmail.com}] [{Swisscubing}{mailto:board@swisscubing.ch}]', '[Spörry Halle](https://www.vaduzer-saal.li/spoerry-areal/mehrzweckhalle)', 'Rüfestrasse 6, 9490 Vaduz, Liechtenstein', 'Mehrzweckhalle', NULL, 'Swisscubing Cup IV 2023', 47150173, 9516305),
	('TajikistanOpen2019', 'Tajikistan Open 2019', 'Khujand', 'Tajikistan', 'The competition is open to everyone.\r\n', 2019, 8, 24, 2019, 8, 25, 0, '222 333 333bf 333ft 333oh 444 555 clock minx pyram skewb sq1', '[{Igor Aipkin}{mailto:iaipkin@worldcubeassociation.org}]', '[{Igor Aipkin}{mailto:iaipkin@worldcubeassociation.org}] [{Shukrullo Ibragimov}{mailto:tajikman12345@gmail.com}]', 'American Space in Khujand', 'Kalandarov str., 56', 'Grey 1 floor building near \"Nuri Islom\" mosque', NULL, 'Tajikistan Open 2019', 40302775, 69627581),
	('TbilisiSummerOpen2023', 'Tbilisi Summer Open 2023', 'Tbilisi', 'Georgia', '[GE]\r\nგთხოვთ, სახელი და გვარი შეავსოთ ზუსტად ისე როგორც მოცემულია თქვენს პირადობის დამადასტურებელ საბუთში. ინგლისურად შევსებისას, სახელის და გვარის პირველი ასო ჩაწერეთ დიდი ასოებით. პირადობის დამადასტურებელი საბუთი თან იქონიეთ შეჯიბრზე გამოცხადებისას.\r\nსტუმრის რაოდენობა შეზღუდულია (1 მონაწილეს შესაძლებელია თან ახლდეს მაქსიმუმ 1 გულშემატკივარი) - გულშემატკივრის დასწრება უფასოა\r\nვინც პირველად იღებთ მონაწილეობას აუცილებლად თან იქონიეთ პირადობის ან დაბადების მოწმობა \r\n\r\n[EN]\r\nPlease enter your name and surname during registration as it is writter on your ID.\r\nThe First letters are capital letters.\r\nDont forget to have an ID card with you when you come to the competition\r\nHere is Guest limitation (1 guest for each competitor) - its free to attend Guest\r\nFirst Timer competitors must have ID Card or birthday Certificate ', 2023, 6, 11, 2023, 6, 11, 0, '222 333 333oh minx pyram skewb sq1', '[{Conan Mo}{mailto:conan@speedcubing.org.au}] [{Vako Marchilashvili (ვაკო მარჩილაშვილი)}{mailto:vmarchilashvili@worldcubeassociation.org}]', '[{Vako Marchilashvili (ვაკო მარჩილაშვილი)}{mailto:vmarchilashvili@worldcubeassociation.org}]', 'Institute of Cybernetic (კიბერნეტიკის ინსტიტუტი)', 'Institute of Cybernetic (კიბერნეტიკის ინსტიტუტი)', '2 Floor , ( მეორე სართული  )', NULL, 'Tbilisi Summer Open 2023', 41723067, 44715356),
	('TeclaRubik2017', 'Tecla Rubik 2017', 'Santa Tecla', 'El Salvador', 'El costo de la inscripción es de $5.00 en Pre-Inscripcion y $6 el dia del evento. (Incluye participación en todas las categorías). \r\nEl Registro debera hacerse en esta pagina, se tomaran datos de competidor el dia del evento pero esto agregara $1 al costo de inscripcion. \r\n-Se podra pagar previamente en la cuenta detallada en la Pestaña de \"Informacion de Pago\" con un costo de $5. \r\n-El dia del evento la inscripcion tendra un costo de $6.', 2017, 5, 6, 2017, 5, 6, 0, '222 333 333bf 333oh 444 555 pyram', '[{Joel Hernández}{mailto:jhernandez@worldcubeassociation.org}]', '[{Joel Hernández}{mailto:jhernandez@worldcubeassociation.org}] [{Luis Salvador Batarsé Soto}{mailto:luisbatarse6@gmail.com}]', '[Palacio Tecleño](https://www.facebook.com/palaciosantatecla)', '2da avenida Nte y Paseo Concepción,  No. 2-1 Santa Tecla, El Salvador', 'Plaza Central', NULL, 'Tecla Rubik 2017', 13675693, -89289391),
	('TegucigalpaOpen2022', 'Tegucigalpa Open 2022', 'Tegucigalpa', 'Honduras', 'Tegucigalpa Open 2022 es el tan anhelado regreso de las competencias al pais, se contara con premios para los primeros lugares de cada categoria y sera un evento abierto a competidores de cualquier nacionalidad.\r\n\r\nTegucigalpa Open 2022 is the long-awaited return of competitions to the country, there will be prizes for the first places in each category and it will be an event open to competitors of any nationality.', 2022, 6, 26, 2022, 6, 26, 0, '222 333 333bf 444 pyram skewb sq1', '[{Luis David Hernández Mejía}{mailto:lmejia@worldcubeassociation.org}]', '[{Erick Y. Maldonado}{mailto:erickyahirm@yahoo.com}] [{Gabriel Alejandro Obando Gonzalez}{mailto:gabrielobando2001@gmail.com}] [{Luis David Hernández Mejía}{mailto:lmejia@worldcubeassociation.org}] [{Mauricio Daniel Salgado Carrillo}{mailto:maurydaniel10@yahoo.com}]', 'Universidad Autónoma de Honduras', 'Justo al costado de la Vicerrectoria Academica', 'Plaza Registro ', NULL, 'Tegucigalpa Open 2022', 14083897, -87163190),
	('TheMostSerene2016', 'The Most Serene Competition 2016', 'Dogana', 'San Marino', 'Competitors limit is 40.\r\nRegistration fee is 5€, free for citizens of San Marino.', 2016, 8, 27, 2016, 8, 27, 0, '222 333 333bf 333oh 444 555', '[{Lorenzo Vigani Poli}{mailto:lpoli@worldcubeassociation.org}] [{Matteo Colombo}{mailto:matte.colo@gmail.com}]', '[{Filippo Brancaleoni}{mailto:f.brancaleoni@protonmail.com}] [{Tommaso Zoffoli}{mailto:tommasozoffoli@gmail.com}]', '[Centro Atlante San Marino](http://www.centroatlante.com/)', 'Via Tre Settembre, 17, 47891 Dogana, San Marino', '', 'http://cubingitaly.org/rsm2016', 'The Most Serene Competition 2016', 43977274, 12486523),
	('ThePeponiHouseTwistTurn2023', 'The Peponi House Twist & Turn 2023', 'Nairobi', 'Kenya', 'Welcome to the third WCA competition in Kenya! \r\nThis competition is specifically created for those who are aged 13 and under. Those who are aged 14 and above can participate... but will not qualify to get a prize on the podium.\r\n\r\nParticipants should bring some form of identification in order to confirm that they are aged 13 and below. A passport, or a copy of your birth cirtificate is a good example since it shows name, age, nationality and so on.  \r\n\r\nYou only need to be present at the venue during the events in which you plan to attend. However, you need to be present at the venue no later than 15 minutes before your first event starts so that you have enough time to complete the registration.', 2023, 5, 13, 2023, 5, 13, 0, '222 333 pyram', '[{Rayan Parmar}{mailto:rparmar@worldcubeassociation.org}]', '[{Nikhath Zigmund}{mailto:nikhathakhtar@gmail.com}]', 'Peponi House Preparatory School', 'Peponi House Preparatory School, Farasi Lane, Nairobi, Kenya', 'Main Hall', NULL, 'Peponi House Twist & Turn 2023', -1241111, 36760382),
	('TunisiaWinterOpenDay2017', 'Tunisia Winter Open Day 2017', 'Sousse', 'Tunisia', 'Tunisia Winter Open 2017 is open for participants from all countries, everyone is welcome.\r\nCompetition fee is 20DT per participant\r\nMedals and Gifts will be awarded to the winners in each category.\r\nIt should be known that only competitors who do check-in into the hotel can benefit from the lunch.', 2017, 12, 20, 2017, 12, 20, 0, '222 333 333bf 333mbf 333oh 444 444bf 555 555bf 666 minx pyram skewb sq1', '[{Mohamed Ali Bizid}{mailto:mbizid@worldcubeassociation.org}]', '[{Raouf Thabet}{mailto:raoufh.thabet@laposte.net}]', 'Hotel Marhaba Palace Sousse', 'BP N120، Hammam Sousse 4089, Tunisie', 'Look for the conference room inside the hotel', NULL, 'Tunisia Winter Open Day 2017', 35896540, 10593775),
	('TurnininTermonfeckinSun2023', 'Turnin\' in Termonfeckin Sunday 2023', 'Termonfeckin, Drogheda, Louth', 'Ireland', '![](https://www.worldcubeassociation.org/rails/active_storage/blobs/redirect/eyJfcmFpbHMiOnsibWVzc2FnZSI6IkJBaHBBczBoIiwiZXhwIjpudWxsLCJwdXIiOiJibG9iX2lkIn19--96b6278788e78960bf29ec7536273758105149bb/Bordered%20Logo.png)\r\n\r\nhttps://speedcubingireland.com/\r\nAdd us on [Facebook](https://www.facebook.com/speedcubingireland/) and [Instagram](https://www.instagram.com/speedcubingireland/?hl=en)! Join our [Discord Server](https://discord.gg/ddFb3WeTx8)!\r\n\r\n', 2023, 3, 12, 2023, 3, 12, 0, '222 333 333bf 555 clock minx pyram sq1', '[{Maria Beausang}{mailto:mbeausang@worldcubeassociation.org}] [{Simon Kelly}{mailto:skelly@worldcubeassociation.org}]', '[{Maria Beausang}{mailto:mbeausang@worldcubeassociation.org}] [{Speedcubing Ireland}{mailto:speedcubingireland@gmail.com}]', 'St Fechins GAA Club', 'Pairc Naomh Feichín, Termonfeckin, Drogheda, Co. Louth', '', NULL, 'Turnin\' in Termonfeckin Sun 2023', 53736092, -6301848),
	('UCOMParaguay2023', 'UCOM Paraguay 2023', 'Asunción', 'Paraguay', '**¡Formá parte de este nuevo torneo!**\r\nRecordá que para participar es obligatorio estar familiarizado con el [Reglamento de la WCA](https://www.worldcubeassociation.org/regulations/translations/spanish-american/)\r\n\r\n¡Te necesitamos para seguir fortaleciendo nuestra comunidad! Involucrate con las diferentes tareas que nos ayudan a un torneo exitoso y agradable para todos, ya sea como juez, runner, scrambler, etc. Te dejamos links para más información a continuación:\r\n\r\n *[Reglas basicas sobre cómo competir](https://www.youtube.com/watch?v=8O_iWRGq4K8)\r\n *[Manual WCA para competidores](https://www.worldcubeassociation.org/edudoc/competitor-tutorial/es/tutorial.pdf)\r\n *[Manual WCA para jueces](https://www.worldcubeassociation.org/edudoc/judge-tutorial/judge-tutorial-es.pdf)\r\n\r\nTe esperamos :)\r\n\r\n**Be part of this new tournament!**\r\nRemember that to participate it is mandatory to be familiar with the [\"WCA Regulations\"](https://www.worldcubeassociation.org/regulations/)\r\n\r\nWe need you to continue strengthening our community! Get involved with the different tasks that help us to have a successful and enjoyable tournament for everyone, be it as a judge, runner, scrambler, etc. We leave you links for more information below:\r\n\r\n *[Basics rules to compete](https://www.youtube.com/watch?v=dPL3eV-A0ww)\r\n *[WCA competitor tutorial](https://www.worldcubeassociation.org/edudoc/competitor-tutorial/tutorial.pdf)\r\n *[WCA judging tutorial](https://www.worldcubeassociation.org/edudoc/judge-tutorial/judge-tutorial.pdf)\r\n\r\nSee you there :)\r\n\r\nCLUB DE SPEEDCUBING PARAGUAY\r\nEmail: speedcubingpy@gmail.com\r\nFacebook: [/cscpy](https://web.facebook.com/cscpy/)\r\nInstagram: [@cscpy](https://www.instagram.com/cscpy/)', 2023, 4, 15, 2023, 4, 16, 0, '222 333 333bf 333oh 444 555 666 777 clock minx pyram skewb sq1', '[{Elias Miguel Acosta Acosta}{mailto:eacosta@worldcubeassociation.org}] [{Gustavo Riveiro}{mailto:griveiro@worldcubeassociation.org}]', '[{Griselda Mendieta}{mailto:grisel94@gmail.com}] [{Gustavo Riveiro}{mailto:griveiro@worldcubeassociation.org}] [{Hermes López}{mailto:samulopez424@gmail.com}]', '[Universidad Comunera] (https://ucom.edu.py)', 'Monseñor Bogarín 284 esq. Dr. Juan Eulogio Estigarribia', 'Salón Auditorio', NULL, 'UCOM Paraguay 2023', -25294426, -57583583),
	('UNACHIOpen2022', 'UNACHI Open 2022', 'David, Chiriquí', 'Panama', '**Español**\r\n•	“UNACHI Open 2022” será la quinta competencia oficial en Chiriquí.\r\n•	Buscamos seguir impulsando el speedcubing en Panamá, dando la bienvenida a nuevos competidores.\r\n•	El uso de la mascarilla es obligatorio en todo momento dentro de la competencia.\r\n•	Los resultados preliminares, y los clasificados a rondas posteriores, se podrán ver casi en tiempo real en WCA Live.\r\n\r\n**English**\r\n• \"UNACHI Open 2022\" will be the fifth official competition in Chiriquí.\r\n• We seek to continue promoting speedcubing in Panama, welcoming new competitors.\r\n• The use of the mask is mandatory at all times inside the venue.\r\n• Preliminary results, and those qualified for subsequent rounds, can be viewed in near real-time on WCA Live.\r\n![](https://www.worldcubeassociation.org/rails/active_storage/blobs/redirect/eyJfcmFpbHMiOnsibWVzc2FnZSI6IkJBaHBBbDhoIiwiZXhwIjpudWxsLCJwdXIiOiJibG9iX2lkIn19--4810b4c2ee0b16d132e23257cdbd01f3e4201b9c/UNACHI%20OPEN.png)', 2022, 10, 14, 2022, 10, 14, 0, '222 333 pyram skewb', '[{Egdar Castillo}{mailto:ecastillo@worldcubeassociation.org}]', '[{Egdar Castillo}{mailto:ecastillo@worldcubeassociation.org}] [{Egdar Rolando Castillo}{mailto:speedcubech@gmail.com}]', 'Universidad Autónoma de Chiriquí', 'Calle de la Unachi, David, Panamá', 'Cafetería de Ciencias', NULL, 'UNACHI Open 2022', 8433292, -82451545),
	('UsakOpen2022', 'Uşak Open 2022', 'Uşak', 'Turkey', '[TR]\r\nKayıt sırasında adınızı ve soyadınızı lütfen kimlikte yazıldığı gibi hatasız giriniz. İlk harfleri büyük yazınız.\r\nYarışmaya gelirken yanınızda kimlik bulundurmayı unutmayınız. **Lütfen sekmeleri okuyunuz.** \r\n\r\n[EN]\r\nPlease enter your name and surname during registration as it is written on your ID.\r\nThe First letters are capital letters.\r\nDont forget to have an ID card with you when you come to the competition. **Please read all the tabs.**', 2022, 4, 23, 2022, 4, 24, 0, '222 333 333bf 333oh 444 pyram skewb', '[{Can Ersoy}{mailto:cersoy@worldcubeassociation.org}]', '[{İskender Aznavur}{mailto:i.kuleli@gmail.com}] [{Melih Kayra Kadıoğlu}{mailto:melih0kayra@gmail.com}]', 'İskender Pala Halk Kütüphanesi Kurtuluş Mahallesi Doğan Özkahraman Caddesi No:20 Merkez, Uşak', 'Kurtuluş Mahallesi, Doğan Özkahraman Caddesi, No:20 Uşak, Merkez', 'İskender Pala Halk Kütüphanesi', NULL, 'Uşak Open 2022', 38673788, 29401551),
	('UTNIbarraOpen2023', 'UTN Ibarra Open 2023', 'Ibarra', 'Ecuador', 'Información detallada en las demás pestañas.\r\n\r\nPlease check the tabs for detailed information.', 2023, 7, 15, 2023, 7, 15, 0, '222 333 333bf 333oh 444 minx pyram skewb', '[{Jorge Contento}{mailto:jcontento@worldcubeassociation.org}]', '[{Luis Fernando Aldás Cuestas}{mailto:ferchoaldas@hotmail.com}]', 'Universidad Técnica del Norte.', 'Av. 17 de Julio 5-21 y Gral. José María Córdova - Sector El Olivo', 'Polideportivo de Universidad.', NULL, 'UTN Ibarra Open 2023', 358563, -78112524),
	('UzbekistanOpen2018', 'Uzbekistan Open 2018', 'Tashkent', 'Uzbekistan', 'The competition is open to all but only citizens of Uzbekistan can win prizes.\r\n\r\nУчаствовать в соревновании могут все, но только граждане Узбекистана могут выиграть призы.\r\n\r\nMusobaqada har qanday ishtirokchi qatnasha oladi, sovg\'alar faqat O\'zbekiston fuqarolari uchun beriladi.', 2018, 8, 18, 2018, 8, 19, 0, '222 333 333bf 333mbf 333oh 444 555 666 777 minx pyram skewb sq1', '[{Akash Rupela}{mailto:arupela@worldcubeassociation.org}]', '[{Akash Rupela}{mailto:arupela@worldcubeassociation.org}] [{Clément Cherblanc}{mailto:ccherblanc@worldcubeassociation.org}] [{Igor Aipkin}{mailto:iaipkin@worldcubeassociation.org}]', 'Atlas', 'Atlas, Tashkent city, Chilanzar district, Katartal str., 28', '4th Floor', NULL, 'Uzbekistan Open 2018', 41281733, 69201847),
	('ValceaRubikOpen2013', 'Valcea Rubik Open 2013', 'Ramnicu Valcea', 'Romania', 'Prima competitie de cub Rubik din Ramnicu Valcea. Va fi o competitie de o singura zi si speram la cat mai multi participanti pentru a repeta si in alti ani acest eveniment.', 2013, 11, 9, 2013, 11, 9, 0, '222 333 333bf 333oh 444', '[{Radu Făciu}{mailto:radufaciu@gmail.com}]', '[{Mădălin Constantin Stoenete}{mailto:wrt+2012stoe01@worldcubeassociation.org}] [{Sorin Veștemean}{mailto:newmagicfilms@gmail.com}]', '[River Plaza Mall](http://www.riverplaza.ro/)', 'Calea lui Traian nr. 125', 'Etajul 1', 'http://www.speedcubing.ro/p-55/valcea-rubik-open', 'Valcea Open 2013', 45099911, 24361817),
	('ValmieraOpen2022', 'Valmiera Open 2022', 'Valmiera', 'Latvia', 'Pirmās ātrkubošanas sacensības Valmierā. Nāc un sacenties ar citiem, un labi pavadīts laiks garantēts!\r\n\r\n---\r\n\r\nFirst speedcubing competition to be held in the city of Valmiera. Come and compete with others and have a great time!', 2022, 7, 30, 2022, 7, 30, 0, '222 333 333oh 444 555 clock pyram', '[{Jānis Zirnis}{mailto:jzirnis@worldcubeassociation.org}] [{Vladislavs Baranovs}{mailto:vladislavs.baranovs@gmail.com}]', '[{Marks Cimermanis}{mailto:marks.cimermanis@gmail.com}]', '[Vidzemes augstskola inženierzinātņu fakultāte, T106](https://va.lv/lv) ', 'Valmiera Tērbatas iela 10', 'Go to the main entrance and follow the signs. Main entrance is from the garden side', NULL, 'Valmiera Open 2022', 57541644, 25428157),
	('VenezuelaOpen2013', 'Venezuela Open 2013', 'Mérida', 'Venezuela', 'Primer Torneo Oficial Venezolano.  [Página de Registro al Venezuela Open 2013](http://www.cubingsouthamerica.com/VenezuelaOpen/register.php)', 2013, 9, 29, 2013, 9, 29, 0, '222 333 333bf 333oh 444 555 minx pyram', '[{Wilson José Duarte Espitia}{mailto:wilsonjose.duarte@gmail.com}]', '[{Oscar Alberto Ceballos Contreras}{mailto:oscaralbertoceballos@gmail.com}]', '[Hotel Caribay](http://www.hotelcaribay.com)', 'Av. 2 Lora con Viaducto Miranda, Mérida Venezuela', 'Salón Zuhe', 'http://www.cubingsouthamerica.com/VenezuelaOpen', 'Venezuela Open 2013', 8589428, -71156306),
	('VeranoCubero2015', 'Verano Cubero 2015', 'Santo Domingo', 'Dominican Republic', 'Novena competencia oficial en Republica Dominicana', 2015, 8, 15, 2015, 8, 16, 0, '222 333 333bf 333fm 333ft 333oh 444 555 666 minx pyram skewb sq1', '[{Nestor Sanchez}{mailto:nestorsanchez3d@gmail.com}]', '[{Rafael Gregorio Martinez Paredes}{mailto:rparedes@worldcubeassociation.org}] [{Sumi Lee}{mailto:misumilee@gmail.com}]', '[Galeria 360](http://www.galeria360.com.do)', 'Av. Jhon F. Kennedy casi esquina Av. Abraham Lincoln', 'Area de entrada, puerta principal.', 'http://www.cubingsouthamerica.com/veranocubero2015/', 'Verano Cubero 2015', 18484951, -69936111),
	('VeronaOpen2017', 'Verona Open 2017', 'Verona', 'Italy', 'There is a limit of 60 competitors.\r\n\r\nAt a certain point we\'ll send an email to confirm your participation; competitors who don\'t confirm within the date specified in that email will be deleted. \r\nRemember to check your inbox 1-2 weeks before the competiton.\r\n\r\n[![Image description](http://i.imgur.com/yztC4Jt.png) Clicka qui per il sito web in italiano](https://cubingitaly.org/verona-17)', 2017, 9, 24, 2017, 9, 24, 0, '222 333 333bf 333oh 444 pyram sq1', '[{Lorenzo Vigani Poli}{mailto:lpoli@worldcubeassociation.org}] [{Matteo Provasi}{mailto:mprovasi@worldcubeassociation.org}] [{Simone Cantarelli}{mailto:scantarelli@worldcubeassociation.org}]', '[{Cubing Italy}{mailto:board@cubingitaly.org}] [{Giovanni Bezzetto}{mailto:giovanni.bezzetto@gmail.com}]', '[Corte Molon](http://www.cortemolonverona.it)', 'Via della Diga 17, 37124 Verona', '', 'https://cubingitaly.org/verona-17', 'Verona Open 2017', 45461250, 10956092),
	('VIDCubing2023', 'VID Cubing 2023', 'Hatillo 3, San Jose', 'Costa Rica', '**VID Cubing 2023** \r\n\r\nEs la segunda competencia del nuevo año 2023.\r\n\r\nEsta competencia es reconocida como una competencia official de la World Cube Association.\r\nLa competencia es abierta a competidores de cualquier nacionalidad, el registro esta habilitado desde la página oficial de la WCA. No es necesario tener experiencia, pero los competidores deben estar conocer los Reglamentos\r\nEl acceso a invitados y espectadores será gratuita.\r\n_____\r\n**English version**\r\n\r\n**VID Cubing 2023**\r\n\r\nIs a second competition of the new year 2023. \r\n\r\nThis competition is recognized as an official World Cube Association competition.\r\nThe competition is open to all competitors of all nationalities. Registration is available on the WCA website. No experience in WCA competitions is necessary, but competitors should be familiar with the WCA Regulations\r\nThe competition is free to spectators and guests.\r\n\r\n', 2023, 4, 29, 2023, 4, 29, 0, '222 333 333oh 444 minx pyram skewb sq1', '[{Marvin Solano}{mailto:msolano@worldcubeassociation.org}]', '[{Norman López Delgado}{mailto:norman.lopez.delgado@gmail.com}]', '[VID](https://www.instagram.com/vid_ibecr/)', 'Hatillo 3, contiguo al Liceo Edgar Cervantes', 'Salón Principal', NULL, 'VID Cubing 2023', 9917322, -84100223),
	('VietnamChampionship2023', 'Vietnam Championship 2023', 'Ho Chi Minh City', 'Vietnam', 'Giải đấu Vô địch Việt Nam với tất cả các bộ môn, được tổ chức trong ba ngày. Các bạn có thể truy cập vào tab \"Schedule\" để xem thêm thông tin. \r\n\r\n---\r\nThe Vietnam Championship 2023 is a multi-event competition spanning 3 days. Please check \"Schedule\" tab for more information.\r\n\r\n**Please note**\r\nCompetitors of all nationalities are welcome,\r\n\r\nThere will be **2 types of winner** in this competition:\r\n**Open Category** - Top 3 winners of the competition regardless of nationality \r\n**Vietnamese Category** - Top 3 Vietnamese winners of the competition\r\n', 2023, 7, 14, 2023, 7, 16, 0, '222 333 333bf 333fm 333mbf 333oh 444 444bf 555 555bf 666 777 clock minx pyram skewb sq1', '[{Ivan Lew Yi Wen (刘义文)}{mailto:iwen@worldcubeassociation.org}] [{Lê Trần Đăng Quỳnh}{mailto:dangquynh1220@gmail.com}] [{Leow Yi Jun (廖艺畯)}{mailto:yleow@worldcubeassociation.org}] [{Wang Junwen (王俊文)}{mailto:jwang@worldcubeassociation.org}]', '[{Hiệp hội Rubik Việt Nam}{mailto:vncubeassociation@gmail.com}] [{Toan Do Cong}{mailto:tdo@worldcubeassociation.org}] [{Zyorubik}{mailto:zyorubik@gmail.com}]', 'Nhà Thiếu Nhi Thành Phố Hồ Chí Minh (City Children\'s House)', '169 Đường Nam Kỳ Khởi Nghĩa, Phường 6, Quận 3, Thành phố Hồ Chí Minh 700000', 'Hội trường Nhà Thiếu Nhi Thành Phố (The stage of the City Children\'s House)', NULL, 'Vietnam Championship 2023', 10783664, 106688640),
	('VillaCarlosPazOtono2019', 'Villa Carlos Paz Otoño 2019', 'Villa Carlos Paz, Córdoba', 'Argentina', 'VCP Otoño 2019 will be the second competition ever to be hosted in the province of Córdoba, Argentina. It will last two days and it will feature thirteen WCA events.\r\n\r\nVCP Otoño 2019 será la segunda competencia realizada en la Provincia de Córdoba, Argentina. Constará de dos días y se podrá competir en trece categorías distintas.', 2019, 4, 19, 2019, 4, 20, 0, '222 333 333bf 333mbf 333oh 444 555 666 777 minx pyram skewb sq1', '[{Cristian Ezequiel Vega}{mailto:cvega@worldcubeassociation.org}]', '[{Agustín Bernasconi}{mailto:hammerwtf10@gmail.com}] [{Genaro Sahib Leguizamon}{mailto:genasahib01@gmail.com}]', 'Iglesia Vida Con Proposito', 'Gabriela Mistral 549, Chincheta, Villa Carlos Paz, Córdoba', '', NULL, 'Villa Carlos Paz Otoño 2019', -31413974, -64477627),
	('VillavicencioOpenII2018', 'Villavicencio Open II 2018', 'Villavicencio', 'Colombia', 'Limite de 50 competidores.\r\nCosto: $20.000 COP todos los eventos.\r\n\r\nCompetitor limit: 50.\r\nCost: $20.000COP (7USD aprox) for all events.', 2018, 8, 18, 2018, 8, 19, 0, '222 333 333bf 333fm 333oh minx pyram', '[{José Leonardo Chaparro Prieto}{mailto:jprieto@worldcubeassociation.org}]', '[{José Leonardo Chaparro Prieto}{mailto:jprieto@worldcubeassociation.org}]', 'Polideportivo García Bohórquez', 'Calle 19 #37I-54', '', NULL, 'Villavicencio Open II 2018', 4135106, -73635030),
	('VilniusWinterOpen2023', 'Vilnius Winter Open 2023', 'Vilnius', 'Lithuania', 'Dalyviai, dalyvaujantis tik vienoje rungtyje varžybose dalyvauja nemokamai.\r\nReguliariai tikrinkite savo elektroninio pašto dėžutę dėl patvirtinimo laiško ir naujos informacijos dėl varžybų.\r\n\r\nCompetitors competing in only one event participate for free.\r\nRegularly check your email inbox for confirmation email and updates about the competition.\r\n\r\n', 2023, 1, 14, 2023, 1, 15, 0, '222 333 333bf 333mbf 333oh 444 555 666 777 clock pyram skewb sq1', '[{Kasparas Lienys}{mailto:klienys@worldcubeassociation.org}]', '[{Eimantas Vansevičius}{mailto:eimantas.vansevicius@gmail.com}] [{Kasparas Lienys}{mailto:klienys@worldcubeassociation.org}] [{Žygimantas Ežerskis}{mailto:ezygis2008@gmail.com}]', '[Žemynos progimnazija](https://zemynosprogimnazija.lt/)', 'Žemynos gatvė 14, Vilnius, Vilniaus miesto savivaldybė', 'On the first floor, follow the signs', NULL, 'Vilnius Winter Open 2023', 54728480, 25232419),
	('VinderupOpen2016', 'Vinderup Open 2016', 'Vinderup', 'Denmark', 'Registration fee is 50dkr, it is possible to sleep at the venue (contact organiser)', 2016, 10, 8, 2016, 10, 9, 0, '222 333 333bf 333mbf 333oh 444 444bf 555 555bf 666 777 minx pyram skewb', '[{Henrik Buus Aagaard}{mailto:haagaard@worldcubeassociation.org}]', '[{Karina Grandjean Beck}{mailto:karinagrandjeanbeck@gmail.com}]', '[Vinderup Realskole](http://www.vinderup-real.dk/)', 'Vinderup Realskole, Sevelvej 42, 7830 Vinderup', '', NULL, 'Vinderup Open 2016', 56478631, 8784360),
	('VoruVark2019', 'Võru Värk 2019', 'Võru', 'Estonia', '* The main event of this competition is **2x2x2 Cube**.\r\n* This is the first competition in **Võru**.\r\n![Eesti kuubik](https://i.imgur.com/Cr7XSizt.png)\r\n\r\n', 2019, 4, 6, 2019, 4, 6, 0, '222 333 333oh clock pyram skewb', '[{Andreas Pung}{mailto:apung@worldcubeassociation.org}] [{Ivo Kruusamägi}{mailto:ikruusamagi@worldcubeassociation.org}]', '[{Remo Pihel}{mailto:remopihel@gmail.com}] [{Rio Truija}{mailto:riotruija1@gmail.com}]', '[Võru City Center School](http://www.vkk.edu.ee/en/)', 'Vabaduse 12, Võru, 65609 Võru maakond, Estonia', 'On the fourth floor, follow the signs.', NULL, 'Võru Värk 2019', 57845490, 26996713),
	('VossOpen2019', 'Voss Open 2019', 'Voss', 'Norway', 'Everyone who can solve a cube are welcome to participate in this competition!\r\n\r\n-----\r\n\r\nAlle som kan løse kube er velkomne til å delta i denne konkurransen!', 2019, 2, 23, 2019, 2, 24, 0, '222 333 333ft 333oh 444 555 minx pyram skewb', '[{Ulrik Bredland}{mailto:ubredland@worldcubeassociation.org}]', '[{Ivar Strangstadstuen}{mailto:tre141592653589793238462643383@gmail.com}] [{Jonatan Solheim}{mailto:tilingen@gmail.com}]', 'Voss Folkehøgskule', 'Eskelandsvegen 28, 5704 Voss', 'Olavsalen', 'http://kubing.no/events/vo2019/', 'Voss Open 2019', 60625530, 6390886),
	('VoulaSummerOpen2023', 'Voula Summer Open 2023', 'Voula - Athens', 'Greece', '![](https://www.worldcubeassociation.org/rails/active_storage/blobs/redirect/eyJfcmFpbHMiOnsibWVzc2FnZSI6IkJBaHBBbUUvIiwiZXhwIjpudWxsLCJwdXIiOiJibG9iX2lkIn19--25a11a161841639a3cff2ecfb046c27deb82697e/Cubestore_VSO23_post.jpg)\r\n\r\nΤο Voula Summer Open 2023 είναι ο 3oς WCA διαγωνισμός στην Ελλάδα για το 2023. Είμαστε περήφανοι για την πορεία μας φέτος και συνεχίζουμε δυναμικά. Στη σειρά διαγωνισμών \"Road to Greek Nationals\" εστιάζουμε σε κάθε διαγωνισμό σε 2 events που δεν είναι ακόμα πολύ γνωστά στην Ελλάδα. Σε αυτό το διαγωνισμό θέλουμε να φέρουμε στο ελληνικό κοινό τα αγωνίσματα του One Handed/Λύση με ένα χέρι και του Fewest Move Challenge (FMC)/Δοκιμασία λύσης με τις λιγότερες κινήσεις πιο κοντά στους συμμετέχοντες. Ο στόχος μας είναι να διεξαχθεί το πρώτο εθνικό πρωτάθλημα της Ελλάδας προς το τέλος του τρέχοντος έτους. Μέχρι τότε, όλα τα WCA events θα είναι οικεία στους συμμετέχοντες. Πάρτε τους κύβους σας, ετοιμαστείτε, διαβάστε τους κανόνες και ελάτε στην γιορτή του cubing!\r\n\r\nΠαρακαλoύμε διαβάστε αναλυτικά τις επόμενες σελίδες για να βρείτε όλες τις απαραίτητες πληροφορίες. \r\n\r\nΣημείωση: Για να θεωρείται ολοκληρωμένη μία εγγραφή πρέπει να ολοκληρωθεί το registration στο σελίδα του διαγωνισμού στην WCA **KAI** να γίνει και η πληρωμή του αντιτίμου συμμετοχής με χρήση της τραπεζικής σας κάρτας μέσω της πλατφόρμας πληρωμών stripe που χρησιμοποιεί η WCA, όπως περιγράφεται στις καρτέλες δίπλα. \r\n\r\n[Εγγραφή στη WCA, σε επίσημο διαγωνισμό και πολλά ακόμα. Οδηγός για πρωτάρηδες.](https://youtu.be/RS768gK0Vrg)\r\n\r\nThe Voula Open 2023 is the third competition this year in Greece. We are proud of our progress and we strongly continue our effort. Grab your cubes, get ready, read the rules, and come to the cubing celebration!\r\nDuring  each \"Road to Greek finals\" competition, we focus on 2 events that are not yet very well known in Greece. In this competition we are aiming to bring the events One Handed and Fewest Move Challenge (FMC) closer to the competitors. The goal is to make the first Greek National Championship towards the end of this year. By then, all WCA events will be familiar to the competitors.\r\n\r\nGrab your cubes, study the regulations and attend the greek feast of cubing!\r\n\r\nPlease read the following tabs very carefully!\r\n\r\nNote: For a registration to be considered valid, the competitor should both register though the WCA site **AND** pay the registration fee as described in the nexts tabs.\r\nPlease read the following tabs in detail to find all the necessary information.', 2023, 7, 15, 2023, 7, 16, 0, '222 333 333fm 333oh 444 clock minx pyram skewb', '[{Ioannis Papadopoulos}{mailto:ipapadopoulos@worldcubeassociation.org}] [{Kostas Papadopoulos}{mailto:kwpaptypetomaniac97@gmail.com}] [{Michael Eleftheriades}{mailto:eleftheriadesm@gmail.com}]', '[{Christos Dimizas}{mailto:cdimizas@otenet.gr}]', '\"Ιωνία\" Πολιτιστικό Κέντρο / \"Ionia\" Caltural Center', 'Λεωφ. Κωνσταντίνου Καραμανλή 113, Βούλα 166 73', 'Culture Centre', NULL, 'Voula Summer Open 2023', 37836297, 23766522),
	('WAMozart2010', 'Abierto W. A. Mozart 2010', 'Santiago', 'Chile', 'La cuota de inscripción es de $1.500. Fecha límite de registo es el 20 de Nov a las 23:59hrs.\r\nSe celebrarán eventos no-oficiales: 2x2 one-handed, 2x2 blindfolded y Floppy Cube.', 2010, 12, 11, 2010, 12, 11, 0, '222 333 magic mmagic pyram', '[{Sebastián Pino Castillo}{mailto:sebastian.pino.c@gmail.com}]', '[{Jaime Pinto}{mailto:wrt+2009pint01@worldcubeassociation.org}]', '[Colegio W. A. Mozart](http://www.colegiomozart.cl/)', 'Javiera Carrera Sur #564, La Reina', 'Casino 2º Piso', 'http://www.armaelcubo.com/inicio/index.php?option=com_content&view=article&id=44%3Amozart2010&catid=35%3Amozart2010&Itemid=1', 'WA Mozart 2010', -33458591, -70566717),
	('WC2007', 'World Rubik\'s Cube Championship 2007', 'Budapest', 'Hungary', '', 2007, 10, 5, 2007, 10, 7, 0, '222 333 333bf 333fm 333ft 333mbf 333mbo 333oh 444 444bf 555 555bf clock magic minx mmagic pyram sq1', '[{Gilles Roux}{mailto:grrroux@free.fr}] [{Ron van Bruchem}{mailto:rbruchem@worldcubeassociation.org}] [{Tyson Mao (毛台勝)}{mailto:tyson.mao@gmail.com}]', NULL, '[Novotel Budapest Congress](http://www.novotel.com/novotel/fichehotel/gb/nov/0511/fiche_hotel.shtml)', 'Alkotas utca 63-67, 1123 Budapest', 'Patria theatre', 'http://www.speedcubing.com/events/wc2007', 'World Championship 2007', 47489049, 19024155),
	('WC2009', 'World Rubik\'s Cube Championship 2009', 'Düsseldorf', 'Germany', '5th World Rubik\'s Cube Championship', 2009, 10, 9, 2009, 10, 11, 0, '222 333 333bf 333fm 333ft 333mbf 333oh 444 444bf 555 555bf 666 777 clock magic minx mmagic pyram sq1', '[{Masayuki Akimoto (秋元正行)}{mailto:masayuki@akimoto3.com}] [{Ron van Bruchem}{mailto:rbruchem@worldcubeassociation.org}] [{Tyson Mao (毛台勝)}{mailto:tyson.mao@gmail.com}]', NULL, '[Burg-Wächter Castello](http://www.burg-waechter-castello.de)', 'Karl-Hohmann-Straße 1, Düsseldorf', '', 'http://www.speedcubing.com/events/wc2009', 'World Championship 2009', 51174745, 6864554),
	('WC2011', 'World Rubik\'s Cube Championship 2011', 'Bangkok', 'Thailand', '', 2011, 10, 14, 2011, 10, 16, 0, '222 333 333bf 333fm 333ft 333mbf 333oh 444 444bf 555 555bf 666 777 clock magic minx mmagic pyram sq1', '[{Chatchawan Jaruwattanakun (ชัชวาลย์ จารุวัฒนกุล)}{mailto:cjaruwattanakun@worldcubeassociation.org}] [{Ron van Bruchem}{mailto:rbruchem@worldcubeassociation.org}]', '[{Ron van Bruchem}{mailto:rbruchem@worldcubeassociation.org}]', '[Baiyoke Sky hotel](http://baiyokesky.baiyokehotel.com/)', '222 Rajprarop Rd, Rajthevee, Bangkok 10400, Thailand', '', 'http://www.thailandcube.com/wc2011', 'World Championship 2011', 13723418, 100476231),
	('WC2017', 'World Rubik\'s Cube Championship 2017', 'Paris', 'France', 'Please check out the website to find out about competition\'s details.', 2017, 7, 13, 2017, 7, 16, 0, '222 333 333bf 333fm 333ft 333mbf 333oh 444 444bf 555 555bf 666 777 clock minx pyram skewb sq1', '[{Hippolyte Moreau}{mailto:hmoreau@worldcubeassociation.org}] [{Jean-Louis Mathieu}{mailto:rubikfr88@gmail.com}] [{Philippe Lucien}{mailto:plucien@worldcubeassociation.org}] [{Philippe Virouleau}{mailto:pvirouleau@worldcubeassociation.org}]', '[{Antoine Piau}{mailto:apiau@worldcubeassociation.org}] [{Hippolyte Moreau}{mailto:hmoreau@worldcubeassociation.org}] [{Jean-Louis Mathieu}{mailto:rubikfr88@gmail.com}] [{Lina Tissier}{mailto:ltissier@worldcubeassociation.org}] [{Philippe Lucien}{mailto:plucien@worldcubeassociation.org}] [{Philippe Virouleau}{mailto:pvirouleau@worldcubeassociation.org}] [{Sylviane Mathieu}{mailto:layanne88@yahoo.fr}]', '[Les Docks de Paris - Dock Pullman](https://www.eurosites.fr/location-salle/eurosites-dock-paris)', 'Les Docks De Paris, 50 avenue du Président Wilson - 93200 La Plaine Saint-Denis France', 'Salle Pullman', 'http://www.rubiksworldparis2017.com', 'World Championship 2017', 48903322, 2365440),
	('WCAAfricanChampionship2022', 'Rubik\'s WCA African Championship 2022', 'Cape Town', 'South Africa', '![](https://i.imgur.com/YoWZNDt.png)\r\n\r\n**COVID-19 Safety Measures**\r\nAll registrants will be required to adhere to all COVID-19 health and safety measures while at the competition venue.\r\n\r\n**Volunteering**\r\nWe will need your help as volunteers to support with the running and judging of the day. If you would like to volunteer to help staff at the competition, please contact the [organisers](https://africanchamps.thecubinghub.com/google-forms/). Groups will be assigned so that volunteer duties don\'t clash with your competing.\r\n\r\n**Notice of Filming and Photography**\r\nAttendees of Rubik\'s WCA African Championship 2022 consent to their images being used by the World Cube Association and its partners in their marketing and social media platforms.\r\n\r\n', 2022, 10, 7, 2022, 10, 9, 0, '222 333 333bf 333fm 333mbf 333oh 444 444bf 555 555bf 666 777 clock minx pyram skewb sq1', '[{Brendan James Gray}{mailto:bgray@worldcubeassociation.org}] [{Brent Boswell}{mailto:bboswell@worldcubeassociation.org}] [{Duncan Hobbs}{mailto:dhobbs@worldcubeassociation.org}] [{Maverick Pearson}{mailto:mpearson@worldcubeassociation.org}] [{Timothy Lawrance}{mailto:tlawrance@worldcubeassociation.org}]', '[{Donovan Pretorius}{mailto:donovanp007@gmail.com}] [{Jonathan Ontong}{mailto:jsontong.jo@gmail.com}]', 'GrandWest Casino and Entertainment World', '1 Jakes Gerwel Drive, Goodwood, Cape Town, 7460', 'GrandWest Sun Exhibits Hall', 'https://africanchamps.thecubinghub.com', 'African Championship 2022', -33917704, 18547872),
	('WeareBackSofia2022', 'We are Back Sofia 2022', 'Sofia', 'Bulgaria', 'Можете да си носите храна (сандвичи или други), за да ги хапнете в зоните за релакс. Около локацията има много места, на които може да се обядва.\r\n\r\nYou can bring your own food (sandwiches or other snacks) and eat it in school canteen. There are a lot of places to eat near the Venue.', 2022, 7, 9, 2022, 7, 9, 0, '222 333 333oh 444 pyram skewb', '[{Borislav Marchovski}{mailto:bmarchovski@worldcubeassociation.org}] [{Mihai Căpăţinescu}{mailto:mcapatinescu@worldcubeassociation.org}]', '[{Borislav Marchovski}{mailto:bmarchovski@worldcubeassociation.org}] [{Plamen Mahladzhanov}{mailto:mahladjanov@abv.bg}] [{Todor Enikov}{mailto:enigma_enikov@abv.bg}]', '[Technical University of Sofia](https://tu-sofia.bg/)', 'ул. „Росарио“, 1756 София (1 Rosario street, 1756 Sofia)', 'ТУ-София, Блок 3. (Campus 3), room 3239', NULL, 'We are Back Sofia 2022', 42655591, 23353775),
	('WelcomeBackIran2022', 'Welcome Back Iran 2022', 'Tehran', 'Iran', '', 2022, 2, 18, 2022, 2, 18, 0, '222 333 333mbf 333oh pyram skewb', '[{Amir Hossein Nafisi (امیر حسین نفیسی)}{mailto:amirnafisicube@gmail.com}] [{Saeed Mostafavi Layegh (سعید مصطفوی لایق)}{mailto:slayegh@worldcubeassociation.org}]', '[{Benyamin Seddiqi (بنیامین صدیقی)}{mailto:benyaminseddighi00@gmail.com}] [{Farid Fakhrian (فرید فخریان)}{mailto:farbodksh@gmail.com}]', 'Between Boostan1 and Boostan3 street -Boostan street-Bagheri Municipality', 'between Boostan1 and Boostan3 street -Boostan street-Bagheri Municipality', '', NULL, 'Welcome Back Iran 2022', 35759511, 51202135),
	('WelcomeBackJonkoping2020', 'Welcome Back Jönköping 2020', 'Jönköping', 'Sweden', 'Välkomna tillbaka!\r\nFör första gången sedan i mars är det nu möjligt att arrangera en tävling igen.\r\nDenna tävling kommer att genomföras med en rad restriktioner för att förbygga smittorisken, läs mer om detta på de övriga flikarna.\r\n\r\n---\r\n\r\nWelcome back!\r\nFor the first time since March, we are now able to organize a competition once again.\r\nThis competition will be subject to several restrictions to prevent the risk of infection, please read more about this in the other tabs.', 2020, 9, 26, 2020, 9, 27, 0, '333 333bf 333mbf 444 444bf 555bf clock minx pyram skewb sq1', '[{Daniel Wallin}{mailto:dwallin@worldcubeassociation.org}] [{Viktor Zenk}{mailto:vzenk@worldcubeassociation.org}]', '[{Helmer Ewert}{mailto:hewert@worldcubeassociation.org}] [{Viktor Zenk}{mailto:vzenk@worldcubeassociation.org}]', '[Kulturhuset](https://kulturhusetjonkoping.se/)', 'Svavelsticksgränd 7, 553 15 Jönköping', 'The competition is in the attic, up the stairs to your left', NULL, 'Welcome Back Jönköping 2020', 57785581, 14156180),
	('WelcomeBackMongoliaChampions2020', 'Welcome Back Mongolia Championship 2020', 'Ulaanbaatar', 'Mongolia', '#### Рубик шооны Монгол улсын аварга шалгаруулах албан ёсны нээллтэй тэмцээн\r\nThis competition is the official Championship of Mongolia.\r\nOnly Mongolian citizens are eligible to win prizes and titles.\r\nThe competition remains open for all nationalities to compete.\r\n\r\n**COVID-19 цар тахлын улмаас цуцлагдсан байсан Рубик шооны улсын аварга шалгаруулах албан ёсны тэмцээн “Welcome Back Mongolia Championship 2020” гэсэн нэртэйгээр дахин зарлагдаж байна.\r\nХэрвээ та цуцлагдсан байсан Рубик шооны Улсын аварга шалгаруулах тэмцээнд бүртгүүлсэн бол энэ удаагийн тэмцээнд 50%-ийн хөнгөлөлттэй оролцох боломжтой.**\r\n\r\n**Гэхдээ та тэмцээндээ дахин бүртгүүлэх ёстой гэдгийг анхаарна уу!**\r\n\r\n**Хэрвээ та энэ удаагийн Рубик шооны улсын аварга шалгаруулах тэмцээнд оролцох боломжгүй болсон тохиолдолд таны төлсөн хураамжны мөнгийг буцаан олгох боломжгүй. Харин таньд үнэ бүхий дурсгалын зүйлс бэлэглэх болно.**\r\n\r\n**Бидний нөхцөл байдлыг ойлгож хүлээцтэй хандана уу.**\r\n\r\n\r\n**The official Mongolia Championship, which was canceled due to the COVID-19 epidemic, is being re-announced under the name \"Welcome Back Mongolia Championship 2020\".**\r\n**If you have registered for the canceled Mongolia Championship, you can participate in this competiton with a 50% discount.**\r\n\r\n**Please note, however, that you must re-register for the competition!**\r\n\r\n**If you are unable to participate in this Mongolia Championship, your fee will not be refunded. But you will get valuable souvenirs.**\r\n\r\n**Please understand our situation and be patient.**\r\n\r\n[Тэмцээнтэй холбоотой мэдээлэл/ Information of Mongolian competitions](https://www.facebook.com/Mongoliacubecompetition/)\r\n[Тэмцээнд бүртгүүлэх заавар/ Instruction of registration](https://www.facebook.com/media/set/?set=ms.c.eJxFj1EOAzAIQm~_0FMVW73~_xZSWjvy9PQBw2OJnoYQ0~%3BEAC6NqLDICriDPuB38lG~%3BUEsGcsAF~_QYKCOdkbwt9YyW4drY19jH4MhIZ~%3BSd3s7gEvAJtQPPSNV6aYbe9y8sZcQXMQs64A~-~-.bps.a.1748149085227952&type=1&__tn__=HH-R)\r\n\r\nХолбоо барих/Contact:\r\nFacebook: [Myagmardorj Ulziijargal](https://www.facebook.com/Myagmardorj.Ulziijargal)\r\n\r\nУтас/Phone:\r\n(976) 89589811 - Maralgoo Ganbold \r\n(976) 89199853 - Myagmardorj Ulziijargal', 2020, 12, 19, 2020, 12, 20, 1, '222 333 333bf 333oh 444 555 clock minx pyram skewb sq1', '[{Myagmardorj Ulziijargal (Өлзийжаргал Мягмардорж)}{mailto:mulziijargal@worldcubeassociation.org}]', '[{Maralgoo Ganbold (Ганболд Маралгоо)}{mailto:maralhello@gmail.com}] [{Sergelenbat Nymdorj}{mailto:bukgan.tamir@gmail.com}]', 'Mongolia-Japan Center', 'Mongolia-Japan Center, Baga toiruu-1, Ulaanbaatar, Mongolia', 'Conference hall, 1st floor', NULL, 'Welcome Back Mongolia 2020', 47923036, 106920334),
	('WelcomeBackNepal2022', 'Welcome Back Nepal 2022', 'Kathmandu', 'Nepal', 'The first WCA competition in Nepal in two years!\r\n\r\n**Note:** due to the COVID-19 pandemic, there are extra registration and entry requirements for this competition. Please make sure that you read and understand the [registration process](https://www.worldcubeassociation.org/competitions/WelcomeBackNepal2022#18025-registration-process-and-fees) and [COVID-19 safety protocols](https://www.worldcubeassociation.org/competitions/WelcomeBackNepal2022#18030-covid-19-safety-protocols)!', 2022, 6, 17, 2022, 6, 18, 0, '222 333 333bf 333oh 444 555 clock minx pyram skewb sq1', '[{Aayas Dhoj Joshi}{mailto:ajoshi@worldcubeassociation.org}]', '[{Abi Shrestha}{mailto:abi.stha.129@gmail.com}] [{Ankit Sanjel}{mailto:sanjelankit@gmail.com}] [{Anup Adhikari}{mailto:christ.anup103@gmail.com}] [{Saiman Adhikari}{mailto:saiman.adhikari1@gmail.com}] [{Salon Ngakhushi}{mailto:salonngakhushi@gmail.com}]', 'St. Xavier\'s College', 'Maitighar, Kathmandu', 'Fourth Floor, A-Levels Building', NULL, 'Welcome Back Nepal 2022', 27691710, 85320493),
	('WelcomeThrissur2021', 'Welcome Thrissur 2021', 'Thrissur, Kerala', 'India', '* Make sure you will be available at the venue at least 15 minutes before your event starts. You won\'t be allowed to participate in an event if you reach late.\r\n* If you\'re participating in a WCA competition for first time or not aware of competition rules, make sure that you attend the tutorial session.\r\n* If you\'re participating in a WCA competition for first time, please bring your ID card as well.\r\n\r\nAll participants are expected to volunteer for the event when they are not participating. The roles could be of a judge, runner, or a scrambler, depending upon the situation.\r\n\r\nCOVID-19 Specific Information:\r\n\r\n* We will be requiring proof of a negative COVID-19 RTPCR test within 72 hours before the start of competition or proof of full vaccination (two doses) to enter the competition.\r\n* We strongly discourage you from bringing guests. The maximum number of guests that is preferred to accompay a competitor would be limited to ONE.\r\n(Other additional guidelines will be informed in the Specific-Guidelines page).', 2021, 11, 21, 2021, 11, 21, 0, '222 333 333bf 333oh 444 pyram', '[{Daniel James}{mailto:djames@worldcubeassociation.org}]', '[{Arun Kattussery Pisharath}{mailto:arunrajeevkpsm2000@gmail.com}] [{Hariprasad CM}{mailto:hcm@worldcubeassociation.org}]', 'Loongs Cricket Academy, Aranattukara, Thrissur, Kerala, India', 'Loongs Cricket Academy, Aranattukara, Thrissur, Kerala, India,- 680618', 'Indoor Stadium', NULL, 'Welcome Thrissur 2021', 10509108, 76198392),
	('WellingtonWinter2018', 'Wellington Winter 2018', 'Wellington', 'New Zealand', 'Wellington Winter 2018 is an official World Cube Association (WCA) sanctioned speedcubing competition. Speedcubing is solving the Rubik\'s Cube or other similar puzzles as quickly as possible. The competition is open to all competitors regardless of experience and skill, but certain event-based time limits will be in place so as to make sure we can stay on schedule and get through the day on time. No prior experience in WCA competitions is necessary, but competitors should be familiar with the WCA regulations.', 2018, 7, 21, 2018, 7, 21, 0, '222 333 333oh 444 444bf 555 555bf pyram skewb', '[{Alex Asbery}{mailto:aasbery@worldcubeassociation.org}]', '[{Joshua Brungar}{mailto:joshua@jbrungar.com}]', '[ASB Sports Centre](http://wellington.govt.nz/recreation/get-active-indoors/asb-sports-centre)', '72 Kemp St, Kilbirnie, Wellington 6022, New Zealand', 'Matairangi Room', 'https://www.speedcubing.nz/event/wellington-winter-2018', 'Wellington Winter 2018', -41317968, 174801457),
	('WellspringOpen2017', 'Wellspring Open 2017', 'Ras Al Khaimah', 'United Arab Emirates', 'REMINDER:\r\nFOR COUNTRY SELECTION, FOR UAE VISA RESIDENCE, KINDLY USE HOME COUNTRY AS YOUR\r\nCOUNTRY. DON\'T USE OR REGISTER UNDER UNITED ARAB EMIRATES IF YOU ARE FROM OTHER\r\nCOUNTRIES, REGISTER THE COUNTRY MENTIONED IN YOUR PASSPORT. ONLY UAE LOCALS\r\nWILL BE ALLOWED TO USE THE UAE AS THEIR COUNTRY.\r\nE.g. If you\'re from INDIA please do not select UNITED ARAB EMIRATES', 2017, 12, 2, 2017, 12, 2, 0, '222 333 333oh 444 pyram skewb', '[{Lester Santos}{mailto:lsantos@worldcubeassociation.org}]', '[{Lester Santos}{mailto:lsantos@worldcubeassociation.org}]', 'Ras Al Khaimah Academy', '34B St - Ras al Khaimah, United Arab Emirates', 'Auditorium, Ras Al Khaimah Academy', NULL, 'Wellspring Open 2017', 25770243, 55931557),
	('WestVisayasChampionship2023', 'West Visayas Championship 2023', 'Bacolod City, Negros Occidental', 'Philippines', '#### The biggest WCA sanctioned competition in Western Visayas is here!\r\n\r\n\r\nAll necessary information about the competition can be found in the following tabs above.\r\n\r\nCompetitor or guardian must agree that NSOC, PCA, and WCA shall not be liable for any personal injury, property damage, heartbreak, or loss resulting from your participation of this event.\r\n\r\nPlease be familiar with the **[WCA rules and regulations](https://www.worldcubeassociation.org/regulations/)** before participating in this event.\r\n', 2023, 5, 27, 2023, 5, 28, 0, '222 333 333bf 333fm 333oh 444 555 666 777 clock minx pyram skewb sq1', '[{Kirby Jay Caragan}{mailto:kcaragan@worldcubeassociation.org}]', '[{Ace Djun T. Aguirre Jr.}{mailto:centrum1975@yahoo.com}] [{Bea Alexandra Marie Flores}{mailto:beaalexandramarie@gmail.com}] [{Daniel Hussain Mohammadi}{mailto:grazemohammadi@gmail.com}] [{Savion Matula}{mailto:savion37matula@gmail.com}]', '[SM City Bacolod](https://www.google.com/maps/place/SM+City+Bacolod+Northwing/@10.6722984,122.9420563,777m/data=!3m2!1e3!4b1!4m5!3m4!1s0x33aed04d351d1a59:0x9e05cac55ef55144!8m2!3d10.6722931!4d122.944245)', 'Rizal St, Reclamation Area, Bacolod City ', '3rd Floor, North Wing', NULL, 'West Visayas Championship 2023', 10670139, 122943856),
	('WienerFruhling2023', 'Wiener Frühling 2023', 'Vienna', 'Austria', '##### *English version is below*\r\n\r\n#### **Deutsch:**\r\n\r\nWir freuen uns sehr euch \"Wiener Frühling 2023\" als ein offizielles WCA Turnier ankündigen zu können. \r\n\r\nDie Speedcubing Competition wird organisiert von Pranjal Khan, Florian Truckenthanner, David Dinh, Dániel Varga und Felix Strasser und wird delegiert von Bence Barát, Emma Beranová und Viktor Kalmar. Erneut findet das Turnier im großen Saal der Akkonplatz Pfarre statt. Die Resultate dieser Competition werden zu den offiziellen WCA World Rankings hinzugefügt.\r\n\r\nJeder ist bei diesem Turnier gerne willkommen, unabhängig von der Erfahrung, Alter oder sonstigen Fähigkeiten. Manche Events haben ein spezifisches Zeitlimit, damit wir sicherstellen können den ganzen Tag über im Zeitplan zu bleiben. Es dürfen Puzzles jeder Marke verwendet werden solange sie den WCA Richtlinien entsprechen. Es sind alle Herzlich willkommen!\r\n\r\nWir freuen uns besonders auf neue Speedcuber aus Österreich!\r\n\r\n-----\r\n\r\n#### **English:**\r\n\r\nWe are happy to announce \"Wiener Frühling 2023\" as an official WCA Competition. \r\n\r\nThe speedcubing competition is organised by Pranjal Khan, Florian Truckenthanner, David Dinh, Dániel Varga, Felix Strasser and is delegated by Bence Barát, Emma Beranová and Viktor Kalmar. The results of the competition will be added to the official WCA World Rankings.\r\n\r\nThe competition is open to all competitors regardless of experience and skill, but certain event-based time limits will be in place to make sure we can stay on schedule and get through the day on time. No prior experience in WCA competitions is necessary, but competitors must be familiar with the WCA Regulations. Any puzzle brand may be used during the competition, as long as it complies with the WCA regulations.', 2023, 5, 20, 2023, 5, 21, 0, '222 333 333oh 444 555 minx pyram skewb sq1', '[{Bence Barát}{mailto:bbarat@worldcubeassociation.org}] [{Emma Beranová}{mailto:eberanova@worldcubeassociation.org}] [{Viktor Kalmar}{mailto:viktorcube@gmail.com}]', '[{Dániel Varga}{mailto:daniel.varga@icloud.com}] [{David Dinh}{mailto:dinhdhdavid@gmail.com}] [{Felix Strasser}{mailto:felix.strasser@hotmail.com}] [{Florian Truckenthanner}{mailto:vossytv@gmail.com}] [{Pranjal Khan}{mailto:pranjal.khan@hotmail.com}]', '[Großer Saal - Pfarre Akkonplatz](https://www.akkonplatz.at/index.php/de/raeume-nutzen/grossersaal)', 'Oeverseestraße 2c, 1150 Wien, Austria', 'Folgen Sie den Schildern, um den Veranstaltungsort zu betreten. / Follow the signs to enter the venue.', NULL, 'Wiener Frühling 2023', 48202129, 16316067),
	('WillimiehenKuutiopaivat2023', 'Willimiehen Kuutiopäivät 2023', 'Lappeenranta', 'Finland', 'Please read through the [regulations](https://www.worldcubeassociation.org/regulations/) before the competition.\r\nThe schedule may be subject to change, so if you\'re leaving the venue during the day, make sure to return at least 30 minutes before your scheduled events.\r\n\r\n\r\nLue säännöt ([englanniksi](https://www.worldcubeassociation.org/regulations/), [suomeksi](https://www.worldcubeassociation.org/regulations/translations/finnish/)) ennen kilpailua.\r\nAikataulu voi muuttua, joten jos poistut kisapaikalta päivän aikana, palaa vähintään 30 minuuttia ennen lajejasi.', 2023, 7, 22, 2023, 7, 23, 0, '222 333 333bf 333oh 444 444bf 555 555bf 666 777 clock pyram skewb sq1', '[{Jānis Zirnis}{mailto:jzirnis@worldcubeassociation.org}] [{Niko Ronkainen}{mailto:nronkainen@worldcubeassociation.org}] [{Olli Vikstedt}{mailto:ovikstedt@worldcubeassociation.org}] [{Timo Norrkniivilä}{mailto:tnorrkniivila@worldcubeassociation.org}]', '[{Erkka Niiva}{mailto:erkka.niiva@hotmail.com}] [{Niko Ronkainen}{mailto:nronkainen@worldcubeassociation.org}]', 'Tirilän Työväentalo', 'Onninkatu 6, 53500 Lappeenranta', '', NULL, 'Willimiehen Kuutiopäivät 2023', 61057895, 28237335),
	('WinnipegOpen2023', 'Winnipeg Open 2023', 'Winnipeg, Manitoba', 'Canada', '# FMC Canada 2023\r\n\r\nFMC Canada 2023 is also being held before Winnipeg Open 2023 at the same venue. You are welcome to register for one or both competitions, but please note that you need to *register for FMC Canada 2023 separately*.', 2023, 6, 17, 2023, 6, 18, 0, '222 333 333bf 444 777 minx pyram skewb', '[{Alexander Mutch}{mailto:amutch@worldcubeassociation.org}] [{Carter Bitz}{mailto:cbitz@worldcubeassociation.org}] [{Carter Kucala}{mailto:ckucala@worldcubeassociation.org}] [{Simon Kellum}{mailto:skellum@worldcubeassociation.org}] [{Walker Welch}{mailto:wwelch@worldcubeassociation.org}]', '[{Alberta Cubers}{mailto:albertacubers@gmail.com}] [{Alexander Mutch}{mailto:amutch@worldcubeassociation.org}] [{Laura Plourde}{mailto:lauraplourde@outlook.com}] [{Walker Welch}{mailto:wwelch@worldcubeassociation.org}]', '[Crescentwood Site - Corydon Community Centre](https://corydoncc.com/facilities/crescentwood-facilities/)', '1170 Corydon Ave, Winnipeg, MB R3M 0Z1, Canada', 'Saturday: Multi-Purpose Room, Sunday: Crescentwood Gym', NULL, 'Winnipeg Open 2023', 49864835, -97170405),
	('WinterCubeAnniversary2015', 'Winter Cube Anniversary 2015', 'Busan', 'Korea', '5000 WON for first event, 1000 WON for each additional event. 1000 WON discount for participants with previous competition\'s lanyard. Registration closes at 11:59PM on February 2nd, 2015.', 2015, 2, 7, 2015, 2, 7, 0, '333 333bf 333oh pyram skewb', '[{Ilkyoo Choi (최일규)}{mailto:ichoi@worldcubeassociation.org}]', '[{Korea Cube Culture United}{mailto:koreacubecultureunited@gmail.com}]', '[Busan Citizen\'s Hall](http://citizenhall.bisco.or.kr/)', '16, Jaseong-ro 133beon-gil, Dong-gu', '3rd floor', 'http://jinas23.cafe24.com/xe/notice/6801', 'Winter Cube Anniversary 2015', 35138896, 129065221),
	('WinterSetifOpen2019', 'Winter Setif Open 2019', 'Setif', 'Algeria', '-- **EN** --\r\nThe competition is open to everyone.\r\nTime: 8:30 AM until 6:30 PM.\r\n\r\n-- **FR** --\r\nLa competition est ouverte à tous le monde.\r\nHeure: de 8:30 AM à 6:30 PM.\r\n\r\n-- **AR** --\r\nالمسابقة مفتوحة للجميع.\r\nالوقت: من 8:30 صباحا إلى 6:30 مساء.', 2019, 12, 21, 2019, 12, 21, 0, '222 333 444 pyram', '[{Slimane Siroukane}{mailto:ssiroukane@worldcubeassociation.org}]', '[{Bouhafs Boukri}{mailto:boukribouhafs05@gmail.com}] [{Slimane Siroukane}{mailto:ssiroukane@worldcubeassociation.org}]', 'École Nationale des Sports Olympiques (ENSO)', ' 59XC + RX Setif, Algeria', '', NULL, 'Winter Setif Open 2019', 36199562, 5372437),
	('WirewoodPro2017', 'Wirewood Pro 2017', 'Montevideo', 'Uruguay', 'El dinero para la inscripción se pagará el día mismo de la competencia.', 2017, 4, 30, 2017, 4, 30, 0, '333bf 333mbf 333oh 444 555 666 777 clock minx skewb sq1', '[{Mateo Rodríguez}{mailto:mrodriguez@worldcubeassociation.org}] [{Ricardo Piotti}{mailto:rpiotti@worldcubeassociation.org}]', '[{Francisco Alonso}{mailto:franalonso2001@gmail.com}] [{Lucas Moliné}{mailto:lucas.moline03@gmail.com}]', 'Wirewood City', 'Bulevar España 2697 esquina ellauri', 'En la entrada del local', NULL, 'Wirewood Pro 2017', -34913457, -56155052),
	('WSMO2018', 'Weston-super-Mare Open 2018', 'Weston-super-Mare, Somerset', 'United Kingdom', 'Please make sure to read all the information in the tabs above.', 2018, 11, 24, 2018, 11, 25, 0, '222 333 333bf 333mbf 333oh 444 555 666 777 clock minx pyram sq1', '[{Daniel Sheppard}{mailto:danielkcsheppard@gmail.com}] [{James Molloy}{mailto:jmolloy@worldcubeassociation.org}] [{Sam Spendla}{mailto:sspendla@worldcubeassociation.org}]', '[{AJ Nicholls}{mailto:shakyhands.aj@gmail.com}] [{Bertie Longden}{mailto:blongden@worldcubeassociation.org}] [{Chris Wright}{mailto:cwwright.uk@gmail.com}]', '[Grand Pier](https://www.grandpier.co.uk/)', '179 Seafront Promenade, Weston-super-Mare BS23 1SE, UK', 'Regency Suite, Top Floor', NULL, 'Weston-super-Mare Open 2018', 51347803, -2986299),
	('XelaOpen2019', 'Xela Open 2019', 'Quetzaltenango', 'Guatemala', 'Competencia que se desarrolla por quinta vez en Quetzaltenango. Con el objetivo principal de aumentar la comunidad en esta area del pais y asi promover mas el speedcubing. \r\n\r\n\r\nCompetition that takes place for the fifth time in Quetzaltenango. With the main objective of increasing the community in this area of the country and thus promote more speedcubing.\r\n\r\nEnglish\r\n\"Competing T-shirts for those who register on the same day will be given until stocks run out. \"\r\n\r\nEspañol\r\n\"Las camisetas que compiten para aquellos que se registren el mismo día se darán hasta que las existencias se agoten\" ', 2019, 9, 7, 2019, 9, 8, 0, '222 333 333bf 333oh 444 555 666 777 clock minx pyram skewb sq1', '[{Luis David Hernández Mejía}{mailto:lmejia@worldcubeassociation.org}]', '[{Jackie Vásquez}{mailto:kakaw08@hotmail.com}] [{Pablo Say}{mailto:rubiksxela@gmail.com}]', 'Centro Cultural Casa NOJ', '7ma calle 12-12 zona 1, Quetzaltenango', 'Salón Principal', NULL, 'Xela Open 2019', 14833720, -91518972),
	('YayYarislarilBalakan2022', 'Yay Yarışları - Balakən 2022', 'Balakən', 'Azerbaijan', 'Yay Yarışları 2022 [Azərbaycan Kub Assosiasiyası](https://www.facebook.com/officialACA/) tərəfindən təşkil olunur.\r\n\r\nYay Yarışları 2022 competitions are organized by [Azerbaijan Cube Association](https://www.facebook.com/officialACA/).', 2022, 6, 15, 2022, 6, 15, 0, '333 444 pyram', '[{Javid Nabizade}{mailto:jnabizade@worldcubeassociation.org}]', '[{Javid Nabizade}{mailto:jnabizade@worldcubeassociation.org}] [{Nigar Muzaffarova}{mailto:nigar.muzaffars@gmail.com}]', 'Balakən Gənclər Evi', 'Heydər Əliyev, 143, Balakən', 'Second Floor', NULL, 'Yay Yarışları - Balakən 2022', 41702951, 46427324),
	('YerevanOpen2023', 'Yerevan Open 2023', 'Yerevan', 'Armenia', '![](https://www.worldcubeassociation.org/rails/active_storage/blobs/redirect/eyJfcmFpbHMiOnsibWVzc2FnZSI6IkJBaHBBaXd1IiwiZXhwIjpudWxsLCJwdXIiOiJibG9iX2lkIn19--04c84c02e689ba2a278a255c026d2646cdda4343/1200px-Yerevan_2012_February.jpeg)\r\n## Welcome to Yerevan!\r\nWe are so excited to announce that the next WCA approved competition in Yerevan.\r\nPlease read the tabs attentively before registering.\r\n\r\n## Բարի գալուստ Երևան!\r\nԵրևանում տեղի կունենա Ռուբիկ կուբիկի հերթական պաշտոնական առաջնությունը։\r\nԳրանցվելուց առաջ անպայման կարդալ տրամադրված տեղեկությունը։', 2023, 2, 25, 2023, 2, 25, 0, '222 333 333oh 444 555 pyram', '[{Mayis Jraghatspanyan}{mailto:mjraghatspanyan@worldcubeassociation.org}] [{Vako Marchilashvili (ვაკო მარჩილაშვილი)}{mailto:vmarchilashvili@worldcubeassociation.org}]', '[{Mayis Jraghatspanyan}{mailto:mjraghatspanyan@worldcubeassociation.org}]', '[Tumo center for creative technologies](https://tumo.org/)', '16 Halabyan St., Yerevan 0038, Armenia', 'Main entrance of the TUMO center for creative technologies', NULL, 'Yerevan Open 2023', 40196298, 44479865),
	('YJFestBelarus2018', 'YJ Fest Belarus 2018', 'Minsk', 'Belarus', 'Registration will start on 15th July and will finish on 17th August.\r\nRegistration fee and other details please see on the website.\r\n\r\nРегистрация начнётся 15 июля в 18:00 и закончится 17 августа в 23:59.\r\nСтоимость участия и другую важную информацию смотрите в группе во ВКонтакте.', 2018, 8, 25, 2018, 8, 26, 0, '222 333 333bf 333ft 333mbf 333oh 444 444bf 555 555bf clock pyram skewb', '[{Ilya Tsiareshka}{mailto:itsiareshka@worldcubeassociation.org}]', '[{Ivan Terekh}{mailto:zere_v@mail.ru}] [{Nikita Loika}{mailto:nik200896@gmail.com}] [{Olga Sarigoz}{mailto:sarigozby@gmail.com}] [{Roman Strakhov}{mailto:fpmk2@ya.ru}]', '[Palace of Children and Youth](http://mgddm.by/)', 'Starovilenskiy trakt 41', 'In the Mramorny hall on the first floor', 'https://vk.com/yjfestbelarus', 'YJ Fest Belarus 2018', 53924809, 27543818),
	('YJMalaysiaCubeOpen2022', 'YJ Malaysia Cube Open 2022', 'Petaling Jaya', 'Malaysia', 'For more information, visit [YJ Malaysia Cube Open 2022 Website](https://www.mycubeassociation.com/mco2022)\r\n\r\n**Kindly read through all tabs on this page as they contain very useful information.**', 2022, 9, 2, 2022, 9, 4, 0, '222 333 333bf 333fm 333mbf 333oh 444 444bf 555 555bf 666 777 clock minx pyram skewb sq1', '[{Hoe Zi Yang}{mailto:zhoe@worldcubeassociation.org}] [{Leow Yi Jun (廖艺畯)}{mailto:yleow@worldcubeassociation.org}] [{Wang Junwen (王俊文)}{mailto:jwang@worldcubeassociation.org}]', '[{Darren Siew Ee Yaang (蕭奕暘)}{mailto:darrensieweeyaang@gmail.com}] [{Eason Siew Ee Son (蕭奕晨)}{mailto:siew.eason@gmail.com}] [{Manfred Siew Ee Sheng (蕭奕晟)}{mailto:manfred.cubing@gmail.com}]', 'Citta Mall', '1, Jalan PJU 1a/48, Pusat Perdagangan Dana 1, 47301 Petaling Jaya, Selangor', '(S-20 to S-23) The Space, Second Floor', NULL, 'YJ Malaysia Cube Open 2022', 3112712, 101580553),
	('YJPetersburgSpecial2019', 'YJ Petersburg Special 2019', 'Kolpino, Saint Petersburg', 'Russia', 'ATTENTION! Please read \"Registration requirements\".\r\nPlease see the [website](https://vk.com/yj_special) for more information.\r\n***\r\nВНИМАНИЕ! Обратите внимание на раздел \"Требования к регистрации\" и полностью его прочитайте!\r\nДля более подробной информации заходите в нашу [группу ВКонтакте](https://vk.com/yj_special).', 2019, 4, 20, 2019, 4, 21, 0, '333bf 333fm 333ft 333mbf 444bf 555bf 666 777 clock sq1', '[{Ilya Tsiareshka}{mailto:itsiareshka@worldcubeassociation.org}]', '[{IPO \"Speedcubing Federation\" (МОО \"Федерация Спидкубинга\")}{mailto:info@cubingrf.org}] [{Serafima Petrova (Серафима Петрова)}{mailto:petrova.serafima@yandex.ru}]', '[Center for Children Technical Creativity](http://цдтт.рф)', '196655, Санкт-Петербург, г. Колпино, Тверская ул., д. 23, литера А', 'On the first floor in the Assembly Hall', 'https://vk.com/yj_special', 'YJ Petersburg Special 2019', 59740440, 30609495),
	('YongjunJakartaSpeedcubing2019', 'Yongjun Jakarta Speedcubing 2019', 'Jakarta', 'Indonesia', 'An official World Cube Association competition initiated by the [Nusantara Speedcubing Association](http://www.nsa.or.id/) and Jakarta Speedcubing Community in collaboration with [Green Pramuka Square](https://www.instagram.com/greenpramukasquarejakarta/) and [YJ](https://www.facebook.com/Yongjuncube/) to accommodate people who love the cube.', 2019, 9, 14, 2019, 9, 15, 0, '222 333 333bf 333mbf 333oh 444 pyram skewb', '[{Cendy Cahyo Rahmat}{mailto:crahmat@worldcubeassociation.org}]', '[{Yusuf Abdul Qohhar}{mailto:abdulqohharyusuf@gmail.com}]', '[Green Pramuka Square](http://www.greenpramukasquare.com/)', 'Jl. Rw. Jaya No.49, RT.16/RW.9, Rawasari, Kec. Cemp. Putih, Kota Jakarta Pusat, Daerah Khusus Ibukota Jakarta 13120', 'Main Atrium', NULL, 'Yongjun Jakarta Speedcubing 2019', -6188854, 106873852),
	('YorkCubeDay2021', 'York Cube Day 2021', 'York, Western Australia', 'Australia', '![](https://i.imgur.com/ZIPeEfV.png)\r\n\r\nThe delegates/organiser of the competition will not allow anyone to enter the venue if they are showing signs of illness and are not responsible for any illness you may contract from the competition.\r\n\r\nPlease take the time to read all the FAQ tabs, even if you have previously competed before, as there may be some restrictions that you may be unaware of.\r\n\r\n**Contact us**\r\nWe are on [Facebook](https://www.facebook.com/SpeedcubingAustralia/) and [Instagram](https://www.instagram.com/speedcubingau/)!\r\n\r\n[Speedcubing Australia Website](https://speedcubing.org.au)', 2021, 1, 10, 2021, 1, 10, 0, '222 333 333oh skewb sq1', '[{Charlie van Ooran}{mailto:cooran@worldcubeassociation.org}] [{Edward Hollingdale}{mailto:ehollingdale@worldcubeassociation.org}] [{Zak Kenny}{mailto:zkenny@worldcubeassociation.org}]', '[{Charlie van Ooran}{mailto:cooran@worldcubeassociation.org}] [{Melanie Charlesworth}{mailto:markandmel@supanet.com}] [{Speedcubing Australia}{mailto:support@speedcubing.org.au}] [{Zak Kenny}{mailto:zkenny@worldcubeassociation.org}]', '[York Town Hall](https://www.york.wa.gov.au/community/facilities/town-hall.aspx)', '81 Avon Terrace, York WA 6302', '', NULL, 'York Cube Day 2021', -31891406, 116768151),
	('YoRubik20SC2017', 'Yo Rubik 2.0 S-C 2017', 'Santa Cruz', 'Bolivia', 'Competencia limitada a **60 personas**.  \r\n\r\nCompetition limited to **60 competitors**.', 2017, 11, 4, 2017, 11, 5, 0, '222 333 333bf 333mbf 333oh 444 555 666 777 clock minx pyram skewb', '[{Cristian Franco Terrazas Flores}{mailto:cflores@worldcubeassociation.org}] [{Jorge Miguel Trigo}{mailto:jtrigo@worldcubeassociation.org}] [{Rodrigo Ugarte}{mailto:rugarte@worldcubeassociation.org}]', '[{Juvenal Nuñez}{mailto:juvenal_75619441@hotmail.com}]', 'Instalaciones Santa Cruz para todos', 'Avenida El Trompillo', 'Salon', NULL, 'Yo Rubik 2.0 S-C 2017', -17798947, -63170837),
	('YouBetterBelizeIt2023', 'You Better Belize It 2023', 'Punta Gorda, BZE', 'Belize', '**English**\r\n\r\nThis competition is recognized as an official World Cube Association competition. This is the first competition in Belize.\r\nThe competition is open to all competitors of all nationalities. Registration is available on the WCA website. No experience in WCA competitions is necessary, but competitors should be familiar with the WCA [Regulations](https://www.worldcubeassociation.org/regulations/)\r\nThe competition is free to spectators and guests.\r\n\r\n**Spanish**\r\n\r\nEsta competencia es reconocida como una competencia official de la World Cube Association. Esta es la primera competencia oficial en Belice.\r\nLa competencia es abierta a competidores de cualquier nacionalidad, El registro esta habilitado desde la página oficial de la WCA. No es necesario tener experiencia, pero los competidores deben estar conocer los [Reglamentos](https://www.worldcubeassociation.org/regulations/)\r\nEl acceso a invitados y espectadores será gratuita.\r\n', 2023, 3, 18, 2023, 3, 19, 0, '222 333 333oh 444 555 minx pyram skewb', '[{Anthony Brooks}{mailto:abrooks@worldcubeassociation.org}] [{Marvin Solano}{mailto:msolano@worldcubeassociation.org}]', '[{Kristin Wiley}{mailto:cubedcommunities@gmail.com}] [{Pablo Say}{mailto:rubiksxela@gmail.com}]', '[TCC Toledo Community College Auditorium](https://tcc.edu.bz/)', 'TCC (Toledo Community College Auditorium - 454V+3CM, Punta Gorda, BZE', 'Auditorium', NULL, 'You Better Belize It 2023', 16105212, -88806453),
	('YouOnlyNeeda3x3AZ2023', 'You Only Need a 3x3 AZ 2023', 'Phoenix, Arizona', 'USA', 'This competition is recognized as an official World Cube Association competition. Therefore, all competitors must be familiar with the [WCA Regulations](https://www.worldcubeassociation.org/regulations/). If you are new to competing, please refer to the [Competitor Responsibilities](https://www.worldcubeassociation.org/competitions/YouOnlyNeeda3x3AZ2023#20697-competitor-responsibilities) tab.\r\n\r\nJoin our [Facebook group](https://www.facebook.com/groups/380588094020424/) to hear about competitions in Arizona before they\'re announced and keep in touch with cubers in the area!', 2023, 4, 15, 2023, 4, 15, 0, '333 333bf 333mbf 333oh', '[{Ivan Vanek}{mailto:ivanek@worldcubeassociation.org}] [{Jake Roberts}{mailto:jroberts@worldcubeassociation.org}] [{Mason Langenderfer}{mailto:mlangenderfer@worldcubeassociation.org}] [{Matthew Dickman}{mailto:mdickman@worldcubeassociation.org}] [{Mia Sponseller}{mailto:msponseller@worldcubeassociation.org}]', '[{Jake Roberts}{mailto:jroberts@worldcubeassociation.org}] [{Matthew Dickman}{mailto:mdickman@worldcubeassociation.org}] [{Mia Sponseller}{mailto:msponseller@worldcubeassociation.org}] [{Shane Grogan}{mailto:shane724a@gmail.com}]', '[C. O. Greenfield Elementary School](https://az01901084.schoolwires.net/greenfield)', '7009 S. 10th St. Phoenix AZ 85042', 'Multi Purpose Room', NULL, 'You Only Need a 3x3 AZ 2023', 33381738, -112057511),
	('YRCCOpen2018', 'YRCC Open 2018', 'Chuo-ku, Saitama', 'Japan', '与野ルービックキューブサークルYRCC主催にて，公式大会「YRCCオープン2018」を開催します。2x2x2〜4x4x4キューブのほか，3x3x3目隠し，スクエア1を加えた公式競技5種目で大会を開催します。\r\nYRCC Open 2018 has events 2x2x2, 3x3x3, 4x4x4, 3x3x3 blindfolded and Square-1. We do not accept late registration and don\'t miss the registration.\r\n参加費は当日入場時にお支払いください。\r\nWe accept payment only with cash at the entrance.\r\n\r\n参加定員は100名です。\r\nCompetitors limit: 100 persons', 2018, 3, 18, 2018, 3, 18, 0, '222 333 333bf 444 sq1', '[{Yuji Suse (巣瀬雄史)}{mailto:ochamee@gmail.com}] [{Yuki Tanaka (田中悠樹)}{mailto:ytanaka@worldcubeassociation.org}]', '[{Hayato Iida (飯田颯人)}{mailto:hyt8810xkxqyre4@gmail.com}] [{Morimichi Kikuchi (菊地守道)}{mailto:kikkun419themoss@gmail.com}] [{Satoru Umetsu (梅津諭)}{mailto:silviaiyan@gmail.com}] [{Tsukasa Yokoyama (横山司)}{mailto:tukasa4580@gmail.com}] [{Yuhei Takagi (高木佑平)}{mailto:yuheitakagi710@gmail.com}]', '[与野本町コミュニティセンター (Yono-honmachi Community Center)](http://www.saitama-culture.jp/yonocom/)', '〒338-0003 埼玉県さいたま市中央区本町東3-5-43 (3-5-43, Honmachi-higashi, Chuo-ku, Saitama, Saitama)', '[多目的ルーム 大 (Multipurpose room)](http://www.saitama-culture.jp/yonocom/other.html)', NULL, 'YRCC Open 2018', 35883642, 139623671),
	('YuraSpeedcubers2017', 'Yura Speedcubers 2017', 'Arequipa', 'Peru', 'El costo de inscripción es de S/ 7.00 Soles de base y S/ 2.00 por evento, y se pagará durante el registro del torneo; incluirá Kit de participante (Polo, Certificado de Participante, Refrigerio). Habrá premios para los primeros puestos, medallas y pases para el Hotel Turístico de Yura.', 2017, 1, 14, 2017, 1, 14, 0, '222 333 333bf 333mbf 333oh 444 minx pyram skewb', '[{Natán Riggenbach}{mailto:nriggenbach@worldcubeassociation.org}]', '[{Yenny Huanqque Ccapa}{mailto:yennyhuanqqueccapa@gmail.com}]', 'Municipalidad Distrital de Yura - Auditorio (Cuarto Piso)', 'Asoc. Ciudad de Dios Zn. 3 Sector B Centro Cívico ', 'Km. 15.5 Pasando Colegio Intervida carretera Arequipa-Yura', NULL, 'Yura Speedcubers 2017', -16302236, -71623866),
	('ZagrebCubeDay2019', 'Zagreb Cube Day 2019', 'Zagreb', 'Croatia', '(HR)\r\n\r\nZagreb Cube Day 2019 je dvanaesto natjecanje po redu koje se održava u Hrvatskoj od 2011. godine. Bilo tko može sudjelovati, bez obzira na nacionalnost i\r\nstarost, no svatko mora biti upoznat s WCA Pravilnikom.\r\n\r\nNatjecanje je pod organizacijom Udruge Speedcubing Hrvatska. Kotizacija pokriva trošak organizacije i najma prostora. Mogući višak kotizacije ide u svrhu razvitka Udruge Speedcubing Hrvatska.\r\n\r\n--------------\r\n\r\n(EN)\r\n\r\nZagreb Cube Day 2019 is the 12th speedcubing competition being held in Croatia since 2011. Anyone can participate, no matter which nationality or age they are, but they need to be familiar with the WCA Regulations.\r\n\r\nThis competition is being organized by the Speedcubing Association Croatia. Registration fee covers the cost of the organization and venue rental. Any extra money goes directly to support Speedcubing Association Croatia.', 2019, 5, 12, 2019, 5, 12, 0, '222 333 333bf 333oh 444 pyram skewb', '[{Dominik Vidaković}{mailto:dvidakovic@worldcubeassociation.org}]', '[{David Vujasić}{mailto:dvujasic@worldcubeassociation.org}] [{Dominik Vidaković}{mailto:dvidakovic@worldcubeassociation.org}] [{Filip Vuković}{mailto:fvukovic@speedcubinghrvatska.hr}] [{Toni Varga}{mailto:toni.varga@gmail.com}]', '[Prva Gimnazija Zagreb](https://www.prva.hr/)', 'Avenija Dubrovnik 36, 10010, Zagreb, Hrvatska', 'Competition will be held in the main hall. / Natjecanje će biti održano u glavnoj prostoriji škole. ', NULL, 'Zagreb Cube Day 2019', 45777462, 15992121),
	('ZaragozaOpen2016', 'Zaragoza Open 2016', 'Zaragoza', 'Spain', '', 2016, 2, 6, 2016, 2, 7, 0, '222 333 333bf 333fm 333ft 333mbf 333oh 444 444bf 555 666 777 clock minx pyram skewb sq1', '[{Alexander Olleta del Molino}{mailto:alexodm.wca@gmail.com}]', '[{Sandra Novales Peláez}{mailto:sandranp2000@gmail.com}]', '[Centro civíco Santa Isabel](https://www.zaragoza.es/ciudad/centros/detalle_Centro?id=3134)', 'Avda. Santa Isabel, 100 - 50016 Zaragoza', '', 'http://asociacionrubik.es/c/ZaragozaOpen2016', 'Zaragoza Open 2016', 41666759, -830636),
	('ZaragozaOpen2023', 'Zaragoza Open 2023', 'Puebla', 'Mexico', 'Estamos muy emocionados de anunciar *Zaragoza Open 2023*  ¡El primer competencia oficial del 2023 en nuestra ciudad! \r\nEsta competencia es posible gracias al apoyo de la **Preparatoria 2 de Octubre 1968** y el **Puebla Rubik\'s Team.**\r\n\r\nEsta competencia es reconocida como una competencia oficial de la WCA. Por lo tanto, todos los competidores deben estar familiarizados y entender [el reglamento de la WCA](https://www.worldcubeassociation.org/regulations/translations/spanish-american/#2a) antes de la competencia. \r\n\r\n![](https://www.worldcubeassociation.org/rails/active_storage/blobs/redirect/eyJfcmFpbHMiOnsibWVzc2FnZSI6IkJBaHBBbGM0IiwiZXhwIjpudWxsLCJwdXIiOiJibG9iX2lkIn19--d1f46347f050fc703991f2bc01a4b8c12a067f23/zara4.png)\r\n\r\n\r\nWe are so happy to annunce *Zaragoza Open 2023*  The first official competition of this year in our city!.\r\nThis competition is possible due to support of **Preparatoria 2 de Octubre 1968** and **Puebla Rubik\'s Team**.\r\n\r\nThis competition is recognized as an official World Cube Association competition. Therefore, all competitors must be familiar with the [WCA regulations](https://www.worldcubeassociation.org/regulations/translations/spanish-american/#2a)\r\n', 2023, 6, 3, 2023, 6, 4, 0, '222 333 555 777 clock pyram sq1', '[{Jaime Tadeo Perez Cardona}{mailto:jcardona@worldcubeassociation.org}]', '[{César Mora Escobar}{mailto:punkdark98@gmail.com}] [{Miguel Ángel Cruz Hernández}{mailto:buuelqbero@gmail.com}]', 'BUAP: Preparatoria 2 de Octubre 1968', 'Calle Benito Juárez 51-B, Reserva Territorial Atlixcáyotl, Concepción Guadalupe, 72450 Puebla, Pue.', 'Cancha Techada de la preparatoria', NULL, 'Zaragoza Open 2023', 19025587, -98230439),
	('ZhuyuangangOpen2020', 'Zhuyuangang Open 2020', 'Tainan', 'Taiwan', 'Please visit the competition website for more information.', 2020, 2, 29, 2020, 3, 1, 0, '222 333 333oh 444 555 666 777 clock pyram skewb sq1', '[{Chia-Leo Lin (林珈樂)}{mailto:clin@worldcubeassociation.org}]', '[{Shao-Yu Hu (胡紹宇)}{mailto:ricky9667@gmail.com}] [{Yu-Kai Chen (陳宇楷)}{mailto:a0938939010@gmail.com}]', 'Tainan Cultural and Creative Park', 'No. 16, Sec. 2, Beimen Rd., East Dist., Tainan City, Taiwan', 'Auditorium, 4F, follow the signs.', 'https://cubing-tw.net/event/2020ZhuyuangangOpen', 'Zhuyuangang Open 2020', 22998984, 120212893),
	('ZhytomyrOpen2018', 'Zhytomyr Open 2018', 'Zhytomyr', 'Ukraine', 'Registration will be closed August, 28 or when we will reach 60 approved competitors.\r\nРеєстрацію буде закрито 28 серпня або коли кількість підтверджених учасників досягне 60.\r\n\r\nSpectators are welcome. There is no entry fee for spectators.\r\nБудемо раді бачити вас в якості глядачів. Вхід безкоштовний.', 2018, 9, 2, 2018, 9, 2, 0, '222 333 444 minx pyram skewb', '[{Roman Ostapenko (Роман Остапенко)}{mailto:rostapenko@worldcubeassociation.org}]', '[{Tetyana Kovalchuk}{mailto:tatemgold@gmail.com}]', '[Gnatyuk Art Centre](https://www.facebook.com/GnatyukArtCenter/)', '20 Velyka Berdychivska st.', 'Main hall is located on the second floor. There is a cafe in the venue where everyone can take a lunch. ', NULL, 'Zhytomyr Open 2018', 50252354, 28668138),
	('ZmigrodOpen2023', 'Żmigród Open 2023', 'Żmigród', 'Poland', 'Zapraszamy na pierwsze zawody WCA w Żmigrodzie! \r\nWydarzenie odbędzie się pod honorowym patronatem Burmistrza gminy Żmigród - Roberta Lewandowskiego!\r\n\r\n----\r\nWe invite you to the first WCA competition in Żmigród!\r\nThe competitions will be held under the honorary patronage of the Mayor of the Żmigród city - Robert Lewandowski!\r\n\r\n![](https://www.worldcubeassociation.org/rails/active_storage/blobs/redirect/eyJfcmFpbHMiOnsibWVzc2FnZSI6IkJBaHBBb1kxIiwiZXhwIjpudWxsLCJwdXIiOiJibG9iX2lkIn19--992cfb3a1c02ac70d6ab3df6cffe3a0c87912c63/zmigrod_mainpage.png)', 2023, 6, 3, 2023, 6, 4, 0, '222 333 333oh 444 555 666 777 pyram skewb', '[{Jakub Hamkało}{mailto:jhamkalo@worldcubeassociation.org}] [{Karol Zakrzewski}{mailto:kzakrzewski@worldcubeassociation.org}]', '[{Karol Zakrzewski}{mailto:kzakrzewski@worldcubeassociation.org}] [{Roksana Porucznik}{mailto:alex620362@gmail.com}]', '[Szkoła Podstawowa im. Bolesława Chrobrego w Żmigrodzie](https://spzmigrod.superszkolna.pl/)', 'Sienkiewicza 6, 55-140 Żmigród', 'Sports hall', NULL, 'Żmigród Open 2023', 51467250, 16902428),
	('ZoioffCampinas2023', 'Zoioff Campinas 2023', 'Campinas, São Paulo', 'Brazil', '## Português\r\n\r\n**Note que este campeonato possui APENAS modalidades vendadas.**\r\n\r\n* O pagamento da inscrição deve ser feito antecipadamente, todas as instruções se encontram na aba de *inscrever-se* do campeonato.\r\n* A inscrição **NÃO** será aceita até que o pagamento e o comprovante sejam enviados. Sem isso sua inscrição não será aprovada e você não poderá competir.\r\n\r\n***A inscrição só será efetivada no site da WCA após a confirmação do pagamento. Assim, as inscrições estarão limitadas aos 16 primeiros pagantes. Caso o número de inscritos exceda este limite, será usada uma lista de espera de acordo com a ordem do pagamento.***\r\n\r\n--------------------\r\n\r\n## English\r\n\r\n**Please note that this competition ONLY has blindfolded events**\r\n\r\n* The payment of the registration fee must be made in advance. All the relevant instructions can be found under the *register* tab.\r\n* The registration **WILL NOT** be accepted until the payment is done and the receipt is sent. Otherwise, your registration will not be accepted and you will not be allowed to competed at the day of the competition.\r\n\r\n***Registration will only be confirmed at the WCA website after payment confirmation. Thus, registrations will be limited to the first 16 payers. If the number of registrations exceeds this limit, a waiting list will be put in place ordered by de date of payment.***', 2023, 8, 5, 2023, 8, 6, 0, '333bf 333mbf 444bf 555bf', '[{Enzo Mattos}{mailto:emattos@worldcubeassociation.org}]', '[{Marcos Ferreira Semolini}{mailto:marcos.semolini@gmail.com}] [{Robinson Semolini}{mailto:robinsonsemolini@uol.com.br}]', '[Salas Prontas](http://salasprontas.com.br/)', 'R. Dr. Teodoro Langard, 126 - Bonfim, Campinas - SP, 13070-760', '', NULL, 'Zoioff Campinas 2023', -22899199, -47080183),
	('ZreceOpen2023', 'Zreče Open 2023', 'Zreče', 'Slovenia', '*[English]*\r\n\r\nThis competition is being organized by the Rubik klub Slovenija.\r\nIf you need any additional information, or if you would like to change your registration, please write an e-mail to the **wca.slovenia@gmail.com**.\r\n\r\nFor more information, please check the tabs!\r\n\r\n*[Slovenščina]*\r\n\r\nTekmovanje organizira Rubik klub Slovenija.\r\nČe potrebujete dodatne informacije ali če bi želeli spremeniti svojo prijavo, nam pišite na **wca.slovenia@gmail.com**.\r\n\r\nZa več informacij preverite zavihke!', 2023, 6, 17, 2023, 6, 18, 0, '222 333 333bf 444 555 666 777 clock minx sq1', '[{Jernej Omulec}{mailto:jomulec@worldcubeassociation.org}] [{Petra Kobal Vogrinec}{mailto:pvogrinec@worldcubeassociation.org}]', '[{Rubik Klub Slovenija}{mailto:wca.slovenia@gmail.com}]', '[Osnovna šola Zreče](https://www.oszrece.net/)', 'Šolska cesta 3, 3214 Zreče, Slovenia', 'Competition will be held in a gym', NULL, 'Zreče Open 2023', 46373161, 15390019),
	('ZuneOpen2012', 'Zune Open 2012', 'Namur', 'Belgium', '', 2012, 4, 28, 2012, 4, 29, 0, '222 333 333bf 333fm 333mbf 333oh 444 444bf 555 555bf magic minx mmagic pyram sq1', '[{Lars Vandenbergh}{mailto:lars@cubezone.be}]', '[{Zoé de Moffarts}{mailto:zoe.demoffarts@gmail.com}]', 'Le Chalet', '25 Rue du Cimetière, 5100 Jambes', '', 'http://dl.dropbox.com/u/23824956/Zune%20Open%20website/home.html', 'Zune Open 2012', 50456367, 4871877),
	('ZurichOpen2019', 'Zurich Open 2019', 'Uster', 'Switzerland', '', 2019, 5, 18, 2019, 5, 19, 0, '222 333 333bf 333oh 444 555 666 777 clock minx pyram skewb sq1', '[{Oleg Gritsenko}{mailto:ogritsenko@worldcubeassociation.org}] [{Tobias Peter}{mailto:tobias.peter@bluewin.ch}]', '[{Fabian Löhle}{mailto:fabian.lakers@hotmail.com}] [{Theo Mayer}{mailto:theoderkaffe@gmail.com}]', 'Musikcontainer Uster', 'Asylstrasse 10, 8610 Uster', '', NULL, 'Zurich Open 2019', 47350221, 8723703),
	('ZUSTOpen2017', 'ZUST Open 2017', 'Hangzhou, Zhejiang', 'China', 'The number limit of competitors is 160.\r\nThe registration will be opened at 19:00 15th Apr.\r\nPlease check the competition website for more information (events, schedule, etc).', 2017, 6, 10, 2017, 6, 11, 0, '222 333 333bf 333fm 333mbf 333oh 444 444bf 555 555bf clock minx pyram', '[{Baiqiang Dong (董百强)}{mailto:bdong@worldcubeassociation.org}]', '[{Junjie Fu (傅俊杰)}{mailto:864283256@qq.com}]', '[Zhejiang University of Science and Technology](http://www.zust.edu.cn/)', 'Liuhe Road, Xihu District', 'A4-122', 'https://cubingchina.com/competition/ZUST-Open-2017', 'ZUST Open 2017', 30219464, 120027330),
	('ZwolleOpen2018', 'Zwolle Open 2018', 'Zwolle', 'Netherlands', '', 2018, 8, 17, 2018, 8, 18, 0, '222 333 333fm 333ft 333oh 444 555 666 777 clock minx pyram skewb sq1', '[{Ron van Bruchem}{mailto:rbruchem@worldcubeassociation.org}]', '[{Mattheo de Wit}{mailto:mattheodw@gmail.com}] [{Ron van Bruchem}{mailto:rbruchem@worldcubeassociation.org}] [{Sandra de Geeter}{mailto:sandra@kubuswedstrijden.nl}] [{Yorick Brommer}{mailto:brommer.scoot@gmail.com}]', '[SIO Zwolle](http://www.siozwolle.nl)', 'Thorbeckelaan 2, 8014 AZ Zwolle', 'Zaal 7', 'https://www.kubuswedstrijden.nl/zwolle-open-2018/', 'Zwolle Open 2018', 52488607, 6107875);

INSERT INTO `persons` (`wca_id`, `sub_id`, `name`, `country_id`, `gender`)
VALUES
	('2012PARK03', 1, 'Max Park', 'USA', 'm'),
	('2009ZEMD01', 1, 'Feliks Zemdegs', 'Australia', 'm');

INSERT INTO `ranks_average` (`person_id`, `event_id`, `best`, `world_rank`, `continent_rank`, `country_rank`)
VALUES
	('2012PARK03', '222', 431, 10018, 2803, 2125),
	('2012PARK03', '333', 486, 2, 1, 1),
	('2012PARK03', '333oh', 876, 2, 2, 2),
	('2012PARK03', '444', 1938, 1, 1, 1),
	('2012PARK03', '555', 3700, 1, 1, 1),
	('2012PARK03', '666', 6856, 1, 1, 1),
	('2012PARK03', '777', 10212, 1, 1, 1),
	('2012PARK03', 'sq1', 7020, 11064, 3554, 2770),
    ('2009ZEMD01', '222', 154, 75, 3, 2),
    ('2009ZEMD01', '333', 553, 8, 1, 1),
    ('2009ZEMD01', '333bf', 4713, 283, 19, 14),
    ('2009ZEMD01', '333fm', 2733, 141, 10, 9),
    ('2009ZEMD01', '333oh', 968, 16, 2, 1),
    ('2009ZEMD01', '444', 2157, 3, 1, 1),
    ('2009ZEMD01', '555', 4209, 5, 1, 1),
    ('2009ZEMD01', '666', 8190, 7, 1, 1),
    ('2009ZEMD01', '777', 12063, 9, 1, 1),
    ('2009ZEMD01', 'clock', 1180, 2447, 123, 80),
    ('2009ZEMD01', 'magic', 139, 430, 4, 4),
    ('2009ZEMD01', 'minx', 3665, 42, 2, 1),
    ('2009ZEMD01', 'mmagic', 674, 1608, 24, 20),
    ('2009ZEMD01', 'pyram', 420, 1298, 77, 54),
    ('2009ZEMD01', 'skewb', 508, 1696, 88, 66),
    ('2009ZEMD01', 'sq1', 1258, 567, 34, 22);

INSERT INTO `ranks_single` (`person_id`, `event_id`, `best`, `world_rank`, `continent_rank`, `country_rank`)
VALUES
	('2012PARK03', '222', 288, 13272, 3648, 2721),
	('2012PARK03', '333', 313, 1, 1, 1),
	('2012PARK03', '333oh', 620, 1, 1, 1),
	('2012PARK03', '444', 1679, 1, 1, 1),
	('2012PARK03', '555', 3302, 1, 1, 1),
	('2012PARK03', '666', 5974, 1, 1, 1),
	('2012PARK03', '777', 9568, 1, 1, 1),
	('2012PARK03', 'sq1', 5269, 12449, 4016, 3163),
    ('2009ZEMD01', '222', 71, 90, 19, 14),
    ('2009ZEMD01', '333', 416, 12, 2, 2),
    ('2009ZEMD01', '333bf', 3437, 331, 21, 16),
    ('2009ZEMD01', '333fm', 24, 222, 11, 8),
    ('2009ZEMD01', '333mbf', 880282100, 328, 23, 17),
    ('2009ZEMD01', '333oh', 688, 4, 1, 1),
    ('2009ZEMD01', '444', 1798, 3, 1, 1),
    ('2009ZEMD01', '444bf', 21780, 131, 7, 6),
    ('2009ZEMD01', '555', 3793, 5, 1, 1),
    ('2009ZEMD01', '555bf', 71600, 164, 7, 6),
    ('2009ZEMD01', '666', 7654, 9, 1, 1),
    ('2009ZEMD01', '777', 11362, 8, 1, 1),
    ('2009ZEMD01', 'clock', 881, 1878, 102, 64),
    ('2009ZEMD01', 'magic', 130, 823, 4, 4),
    ('2009ZEMD01', 'minx', 3311, 48, 2, 1),
    ('2009ZEMD01', 'mmagic', 552, 1619, 23, 20),
    ('2009ZEMD01', 'pyram', 227, 906, 65, 42),
    ('2009ZEMD01', 'skewb', 220, 567, 46, 40),
    ('2009ZEMD01', 'sq1', 899, 543, 35, 25);

INSERT INTO `results` (`competition_id`, `event_id`, `round_type_id`, `pos`, `best`, `average`, `person_name`, `person_id`, `person_country_id`, `format_id`, `regional_single_record`, `regional_average_record`)
VALUES
	('WC2011', '333', '1', 1, 747, 804, 'Feliks Zemdegs', '2009ZEMD01', 'Australia', 'a', NULL, NULL),
	('WC2011', '333', '2', 1, 744, 841, 'Feliks Zemdegs', '2009ZEMD01', 'Australia', 'a', NULL, NULL),
	('WC2011', '333', '3', 1, 721, 778, 'Feliks Zemdegs', '2009ZEMD01', 'Australia', 'a', NULL, NULL),
	('WC2011', '333', 'f', 3, 913, 958, 'Feliks Zemdegs', '2009ZEMD01', 'Australia', 'a', NULL, NULL),
	('WC2011', '444', '1', 1, 3291, 3714, 'Feliks Zemdegs', '2009ZEMD01', 'Australia', 'a', NULL, NULL),
	('WC2011', '444', '2', 1, 3159, 3533, 'Feliks Zemdegs', '2009ZEMD01', 'Australia', 'a', NULL, 'WR'),
	('WC2011', '444', 'f', 1, 3328, 3522, 'Feliks Zemdegs', '2009ZEMD01', 'Australia', 'a', NULL, 'WR'),
	('WC2011', '555', '1', 1, 5927, 6468, 'Feliks Zemdegs', '2009ZEMD01', 'Australia', 'a', 'WR', NULL),
	('WC2011', '555', '2', 1, 5953, 6408, 'Feliks Zemdegs', '2009ZEMD01', 'Australia', 'a', NULL, 'WR'),
	('WC2011', '555', 'f', 1, 5622, 5994, 'Feliks Zemdegs', '2009ZEMD01', 'Australia', 'a', 'WR', 'WR'),
	('WC2011', '222', '1', 7, 169, 345, 'Feliks Zemdegs', '2009ZEMD01', 'Australia', 'a', NULL, NULL),
	('WC2011', '222', 'f', 1, 191, 271, 'Feliks Zemdegs', '2009ZEMD01', 'Australia', 'a', NULL, NULL),
	('WC2011', '333bf', '1', 8, 6603, -1, 'Feliks Zemdegs', '2009ZEMD01', 'Australia', '3', NULL, 'NR'),
	('WC2011', '333bf', 'f', 16, -1, -1, 'Feliks Zemdegs', '2009ZEMD01', 'Australia', '3', NULL, NULL),
	('WC2011', '333oh', '1', 2, 1247, 1459, 'Feliks Zemdegs', '2009ZEMD01', 'Australia', 'a', NULL, NULL),
	('WC2011', '333oh', '2', 6, 1350, 1660, 'Feliks Zemdegs', '2009ZEMD01', 'Australia', 'a', NULL, NULL),
	('WC2011', '333oh', 'f', 6, 1431, 1684, 'Feliks Zemdegs', '2009ZEMD01', 'Australia', 'a', NULL, NULL),
	('WC2011', '333fm', 'f', 6, 33, 0, 'Feliks Zemdegs', '2009ZEMD01', 'Australia', '1', NULL, NULL),
	('WC2011', 'minx', 'd', 9, 6800, 7270, 'Feliks Zemdegs', '2009ZEMD01', 'Australia', 'a', NULL, NULL),
	('WC2011', 'minx', 'f', 5, 6111, 6607, 'Feliks Zemdegs', '2009ZEMD01', 'Australia', 'a', NULL, NULL),
	('WC2011', 'pyram', '1', 9, 334, 692, 'Feliks Zemdegs', '2009ZEMD01', 'Australia', 'a', 'OcR', NULL),
	('WC2011', 'pyram', 'f', 8, 300, 620, 'Feliks Zemdegs', '2009ZEMD01', 'Australia', 'a', 'OcR', NULL),
	('WC2011', 'sq1', '1', 8, 2106, 2474, 'Feliks Zemdegs', '2009ZEMD01', 'Australia', 'a', NULL, NULL),
	('WC2011', 'sq1', 'f', 9, 1461, 2459, 'Feliks Zemdegs', '2009ZEMD01', 'Australia', 'a', NULL, NULL),
	('WC2011', 'clock', '1', 26, 1243, 1703, 'Feliks Zemdegs', '2009ZEMD01', 'Australia', 'a', NULL, NULL),
	('WC2011', '666', '1', 1, 13027, 13386, 'Feliks Zemdegs', '2009ZEMD01', 'Australia', 'm', NULL, 'OcR'),
	('WC2011', '666', 'f', 1, 12233, 12929, 'Feliks Zemdegs', '2009ZEMD01', 'Australia', 'm', NULL, 'OcR'),
	('WC2011', '777', '1', 4, 23558, 24500, 'Feliks Zemdegs', '2009ZEMD01', 'Australia', 'm', NULL, NULL),
	('WC2011', '777', 'f', 3, 22747, 23441, 'Feliks Zemdegs', '2009ZEMD01', 'Australia', 'm', NULL, 'OcR'),
	('WC2011', 'magic', '1', 103, 138, 415, 'Feliks Zemdegs', '2009ZEMD01', 'Australia', 'a', NULL, NULL),
	('WC2011', 'mmagic', '1', 71, 619, 674, 'Feliks Zemdegs', '2009ZEMD01', 'Australia', 'a', NULL, NULL),
	('WC2011', '333mbf', 'c', 19, 980210903, 0, 'Feliks Zemdegs', '2009ZEMD01', 'Australia', '2', NULL, NULL),
	('WC2011', '444bf', 'f', 13, -1, 0, 'Feliks Zemdegs', '2009ZEMD01', 'Australia', '2', NULL, NULL),
	('WC2011', '555bf', 'f', 6, -1, 0, 'Feliks Zemdegs', '2009ZEMD01', 'Australia', '2', NULL, NULL),
	('WC2017', '222', 'd', 15, 216, 226, 'Feliks Zemdegs', '2009ZEMD01', 'Australia', 'a', NULL, NULL),
	('WC2017', '222', '2', 40, 176, 289, 'Feliks Zemdegs', '2009ZEMD01', 'Australia', 'a', NULL, NULL),
	('WC2017', '222', '3', 62, 223, 317, 'Feliks Zemdegs', '2009ZEMD01', 'Australia', 'a', NULL, NULL),
	('WC2017', '555', '1', 2, 4488, 4817, 'Feliks Zemdegs', '2009ZEMD01', 'Australia', 'a', NULL, NULL),
	('WC2017', '555', '2', 1, 3852, 4624, 'Feliks Zemdegs', '2009ZEMD01', 'Australia', 'a', 'WR', 'WR'),
	('WC2017', '555', 'f', 1, 4370, 4848, 'Feliks Zemdegs', '2009ZEMD01', 'Australia', 'a', NULL, NULL),
	('WC2017', '333fm', 'f', 31, 30, 3200, 'Feliks Zemdegs', '2009ZEMD01', 'Australia', 'm', NULL, NULL),
	('WC2017', 'minx', '1', 2, 3962, 4468, 'Feliks Zemdegs', '2009ZEMD01', 'Australia', 'a', NULL, NULL),
	('WC2017', 'minx', 'f', 2, 4026, 4357, 'Feliks Zemdegs', '2009ZEMD01', 'Australia', 'a', NULL, NULL),
	('WC2017', '333oh', '1', 5, 1018, 1223, 'Feliks Zemdegs', '2009ZEMD01', 'Australia', 'a', NULL, NULL),
	('WC2017', '333oh', '2', 8, 1245, 1312, 'Feliks Zemdegs', '2009ZEMD01', 'Australia', 'a', NULL, NULL),
	('WC2017', '333oh', 'f', 2, 893, 1181, 'Feliks Zemdegs', '2009ZEMD01', 'Australia', 'a', NULL, NULL),
	('WC2017', '333', '1', 2, 644, 706, 'Feliks Zemdegs', '2009ZEMD01', 'Australia', 'a', NULL, NULL),
	('WC2017', '333', '2', 4, 669, 728, 'Feliks Zemdegs', '2009ZEMD01', 'Australia', 'a', NULL, NULL),
	('WC2017', '333', '3', 2, 640, 737, 'Feliks Zemdegs', '2009ZEMD01', 'Australia', 'a', NULL, NULL),
	('WC2017', '333', 'f', 4, 655, 728, 'Feliks Zemdegs', '2009ZEMD01', 'Australia', 'a', NULL, NULL),
	('WC2017', 'sq1', '1', 85, 1665, 2061, 'Feliks Zemdegs', '2009ZEMD01', 'Australia', 'a', NULL, NULL),
	('WC2017', '666', '1', 1, 8003, 8779, 'Feliks Zemdegs', '2009ZEMD01', 'Australia', 'm', 'WR', 'WR'),
	('WC2017', '555', '1', 1, 4538, 4809, 'Max Park', '2012PARK03', 'USA', 'a', 'NAR', 'NAR'),
	('WC2017', '555', '2', 2, 4579, 5094, 'Max Park', '2012PARK03', 'USA', 'a', NULL, NULL),
	('WC2017', '555', 'f', 3, 4263, 4982, 'Max Park', '2012PARK03', 'USA', 'a', 'NAR', NULL),
	('WC2017', '333oh', '1', 2, 1077, 1164, 'Max Park', '2012PARK03', 'USA', 'a', NULL, NULL),
	('WC2017', '333oh', '2', 1, 1094, 1133, 'Max Park', '2012PARK03', 'USA', 'a', NULL, NULL),
	('WC2017', '333oh', 'f', 1, 976, 1031, 'Max Park', '2012PARK03', 'USA', 'a', NULL, 'WR'),
	('WC2017', '333', '1', 8, 665, 734, 'Max Park', '2012PARK03', 'USA', 'a', NULL, NULL),
	('WC2017', '333', '2', 1, 621, 683, 'Max Park', '2012PARK03', 'USA', 'a', NULL, NULL),
	('WC2017', '333', '3', 4, 613, 739, 'Max Park', '2012PARK03', 'USA', 'a', NULL, NULL),
	('WC2017', '333', 'f', 1, 587, 685, 'Max Park', '2012PARK03', 'USA', 'a', NULL, NULL),
	('WC2017', '666', '1', 2, 9904, 10334, 'Max Park', '2012PARK03', 'USA', 'm', NULL, NULL),
	('WC2017', '666', 'f', 2, 9249, 9645, 'Feliks Zemdegs', '2009ZEMD01', 'Australia', 'm', NULL, NULL),
	('WC2017', '333bf', '1', 39, 5175, -1, 'Feliks Zemdegs', '2009ZEMD01', 'Australia', '3', NULL, NULL),
	('WC2017', '333bf', '2', 31, 5033, -1, 'Feliks Zemdegs', '2009ZEMD01', 'Australia', '3', NULL, NULL),
	('WC2017', '444', '1', 1, 2309, 2555, 'Feliks Zemdegs', '2009ZEMD01', 'Australia', 'a', NULL, NULL),
	('WC2017', '444', '2', 4, 2176, 2717, 'Feliks Zemdegs', '2009ZEMD01', 'Australia', 'a', NULL, NULL),
	('WC2017', '444', 'f', 3, 2147, 2504, 'Feliks Zemdegs', '2009ZEMD01', 'Australia', 'a', NULL, NULL),
	('WC2017', '777', '1', 1, 12673, 13507, 'Feliks Zemdegs', '2009ZEMD01', 'Australia', 'm', 'WR', 'WR'),
	('WC2017', '777', 'f', 1, 13746, 14160, 'Feliks Zemdegs', '2009ZEMD01', 'Australia', 'm', NULL, NULL),
	('WC2017', '666', 'f', 3, 10076, 10362, 'Max Park', '2012PARK03', 'USA', 'm', NULL, NULL),
	('WC2017', '444', '1', 4, 2268, 2657, 'Max Park', '2012PARK03', 'USA', 'a', NULL, NULL),
	('WC2017', '444', '2', 1, 2350, 2471, 'Max Park', '2012PARK03', 'USA', 'a', NULL, NULL),
	('WC2017', '444', 'f', 4, 2342, 2590, 'Max Park', '2012PARK03', 'USA', 'a', NULL, NULL),
	('WC2017', '777', '1', 4, 14678, 16410, 'Max Park', '2012PARK03', 'USA', 'm', NULL, NULL),
	('WC2017', '777', 'f', 4, 14831, 15650, 'Max Park', '2012PARK03', 'USA', 'm', NULL, NULL),
	('WSMO2018', '333bf', 'f', 4, 4267, 5358, 'Feliks Zemdegs', '2009ZEMD01', 'Australia', '3', NULL, NULL),
	('WSMO2018', '666', 'd', 1, 8235, 8505, 'Feliks Zemdegs', '2009ZEMD01', 'Australia', 'm', NULL, NULL),
	('WSMO2018', '666', 'f', 1, 7878, 8190, 'Feliks Zemdegs', '2009ZEMD01', 'Australia', 'm', NULL, 'OcR'),
	('WSMO2018', '222', 'd', 1, 183, 233, 'Feliks Zemdegs', '2009ZEMD01', 'Australia', 'a', NULL, NULL),
	('WSMO2018', '222', 'f', 1, 214, 251, 'Feliks Zemdegs', '2009ZEMD01', 'Australia', 'a', NULL, NULL),
	('WSMO2018', '444', 'd', 4, 2254, 2988, 'Feliks Zemdegs', '2009ZEMD01', 'Australia', 'a', NULL, NULL),
	('WSMO2018', '444', '2', 1, 2139, 2421, 'Feliks Zemdegs', '2009ZEMD01', 'Australia', 'a', NULL, NULL),
	('WSMO2018', '444', 'f', 3, 2237, 2739, 'Feliks Zemdegs', '2009ZEMD01', 'Australia', 'a', NULL, NULL),
	('WSMO2018', '333oh', 'c', 1, 967, 1155, 'Feliks Zemdegs', '2009ZEMD01', 'Australia', 'a', NULL, NULL),
	('WSMO2018', '333', 'd', 2, 625, 720, 'Feliks Zemdegs', '2009ZEMD01', 'Australia', 'a', NULL, NULL),
	('WSMO2018', '333', '2', 1, 672, 700, 'Feliks Zemdegs', '2009ZEMD01', 'Australia', 'a', NULL, NULL),
	('WSMO2018', '333', 'f', 1, 533, 617, 'Feliks Zemdegs', '2009ZEMD01', 'Australia', 'a', NULL, NULL),
	('WSMO2018', '555', 'd', 1, 4298, 4689, 'Feliks Zemdegs', '2009ZEMD01', 'Australia', 'a', NULL, NULL),
	('WSMO2018', '555', 'f', 1, 4145, 4680, 'Feliks Zemdegs', '2009ZEMD01', 'Australia', 'a', NULL, NULL),
	('WSMO2018', 'minx', 'c', 1, 3578, 3665, 'Feliks Zemdegs', '2009ZEMD01', 'Australia', 'a', NULL, 'OcR'),
	('WSMO2018', '777', 'd', 1, 12093, 13217, 'Feliks Zemdegs', '2009ZEMD01', 'Australia', 'm', NULL, NULL),
	('WSMO2018', '777', 'f', 2, 12401, 12942, 'Feliks Zemdegs', '2009ZEMD01', 'Australia', 'm', NULL, NULL),
	('YouOnlyNeeda3x3AZ2023', '333', '1', 1, 433, 532, 'Max Park', '2012PARK03', 'USA', 'a', NULL, NULL),
	('YouOnlyNeeda3x3AZ2023', '333', '2', 1, 481, 533, 'Max Park', '2012PARK03', 'USA', 'a', NULL, NULL),
	('YouOnlyNeeda3x3AZ2023', '333', '3', 1, 504, 567, 'Max Park', '2012PARK03', 'USA', 'a', NULL, NULL),
	('YouOnlyNeeda3x3AZ2023', '333', 'f', 1, 487, 542, 'Max Park', '2012PARK03', 'USA', 'a', NULL, NULL),
	('YouOnlyNeeda3x3AZ2023', '333oh', 'd', 1, 862, 922, 'Max Park', '2012PARK03', 'USA', 'a', NULL, NULL),
	('YouOnlyNeeda3x3AZ2023', '333oh', '2', 1, 833, 978, 'Max Park', '2012PARK03', 'USA', 'a', NULL, NULL),
	('YouOnlyNeeda3x3AZ2023', '333oh', 'f', 1, 708, 886, 'Max Park', '2012PARK03', 'USA', 'a', NULL, NULL);

INSERT INTO `result_attempts` (`value`, `attempt_number`, `result_id`)
VALUES
	(861, 1, 1),
	(786, 2, 1),
	(766, 3, 1),
	(971, 4, 1),
	(747, 5, 1),
	(780, 1, 2),
	(849, 2, 2),
	(744, 3, 2),
	(894, 4, 2),
	(1093, 5, 2),
	(781, 1, 3),
	(813, 2, 3),
	(846, 3, 3),
	(721, 4, 3),
	(741, 5, 3),
	(921, 1, 4),
	(946, 2, 4),
	(1155, 3, 4),
	(1006, 4, 4),
	(913, 5, 4),
	(4038, 1, 5),
	(4171, 2, 5),
	(3522, 3, 5),
	(3583, 4, 5),
	(3291, 5, 5),
	(3381, 1, 6),
	(3390, 2, 6),
	(3159, 3, 6),
	(3903, 4, 6),
	(3828, 5, 6),
	(3333, 1, 7),
	(3871, 2, 7),
	(3328, 3, 7),
	(3363, 4, 7),
	(3933, 5, 7),
	(6638, 1, 8),
	(6247, 2, 8),
	(6518, 3, 8),
	(6759, 4, 8),
	(5927, 5, 8),
	(5953, 1, 9),
	(6225, 2, 9),
	(6540, 3, 9),
	(6458, 4, 9),
	(8100, 5, 9),
	(5959, 1, 10),
	(5841, 2, 10),
	(6181, 3, 10),
	(6540, 4, 10),
	(5622, 5, 10),
	(411, 1, 11),
	(472, 2, 11),
	(330, 3, 11),
	(169, 4, 11),
	(293, 5, 11),
	(272, 1, 12),
	(281, 2, 12),
	(191, 3, 12),
	(259, 4, 12),
	(446, 5, 12),
	(-1, 1, 13),
	(6603, 2, 13),
	(7396, 3, 13),
	(-1, 1, 14),
	(-1, 2, 14),
	(-1, 3, 14),
	(1247, 1, 15),
	(1475, 2, 15),
	(1355, 3, 15),
	(1843, 4, 15),
	(1546, 5, 15),
	(1709, 1, 16),
	(1972, 2, 16),
	(1638, 3, 16),
	(1350, 4, 16),
	(1634, 5, 16),
	(1431, 1, 17),
	(1513, 2, 17),
	(1781, 3, 17),
	(-1, 4, 17),
	(1758, 5, 17),
	(33, 1, 18),
	(6993, 1, 19),
	(10261, 2, 19),
	(6800, 3, 19),
	(6947, 4, 19),
	(7869, 5, 19),
	(10153, 1, 20),
	(6433, 2, 20),
	(6683, 3, 20),
	(6705, 4, 20),
	(6111, 5, 20),
	(597, 1, 21),
	(736, 2, 21),
	(1225, 3, 21),
	(334, 4, 21),
	(744, 5, 21),
	(625, 1, 22),
	(300, 2, 22),
	(581, 3, 22),
	(821, 4, 22),
	(653, 5, 22),
	(2984, 1, 23),
	(2403, 2, 23),
	(2784, 3, 23),
	(2234, 4, 23),
	(2106, 5, 23),
	(4528, 1, 24),
	(2761, 2, 24),
	(2059, 3, 24),
	(1461, 4, 24),
	(2558, 5, 24),
	(2769, 1, 25),
	(1613, 2, 25),
	(1259, 3, 25),
	(2236, 4, 25),
	(1243, 5, 25),
	(13475, 1, 26),
	(13027, 2, 26),
	(13656, 3, 26),
	(13469, 1, 27),
	(13084, 2, 27),
	(12233, 3, 27),
	(23558, 1, 28),
	(24605, 2, 28),
	(25338, 3, 28),
	(23327, 1, 29),
	(22747, 2, 29),
	(24250, 3, 29),
	(1058, 1, 30),
	(147, 2, 30),
	(240, 3, 30),
	(859, 4, 30),
	(138, 5, 30),
	(686, 1, 31),
	(619, 2, 31),
	(672, 3, 31),
	(663, 4, 31),
	(715, 5, 31),
	(980210903, 1, 32),
	(-1, 1, 33),
	(-1, 2, 33),
	(-1, 1, 34),
	(-2, 2, 34),
	(289, 1, 35),
	(227, 2, 35),
	(219, 3, 35),
	(233, 4, 35),
	(216, 5, 35),
	(345, 1, 36),
	(232, 2, 36),
	(289, 3, 36),
	(176, 4, 36),
	(347, 5, 36),
	(366, 1, 37),
	(223, 2, 37),
	(410, 3, 37),
	(260, 4, 37),
	(325, 5, 37),
	(4819, 1, 38),
	(5244, 2, 38),
	(4943, 3, 38),
	(4488, 4, 38),
	(4688, 5, 38),
	(5369, 1, 39),
	(5099, 2, 39),
	(3852, 3, 39),
	(4325, 4, 39),
	(4448, 5, 39),
	(4935, 1, 40),
	(4370, 2, 40),
	(4700, 3, 40),
	(4910, 4, 40),
	(5600, 5, 40),
	(31, 1, 41),
	(30, 2, 41),
	(35, 3, 41),
	(4229, 1, 42),
	(3962, 2, 42),
	(4541, 3, 42),
	(4633, 4, 42),
	(5153, 5, 42),
	(4026, 1, 43),
	(4943, 2, 43),
	(4113, 3, 43),
	(4626, 4, 43),
	(4331, 5, 43),
	(1471, 1, 44),
	(1333, 2, 44),
	(1018, 3, 44),
	(1150, 4, 44),
	(1187, 5, 44),
	(1291, 1, 45),
	(1407, 2, 45),
	(1245, 3, 45),
	(1361, 4, 45),
	(1284, 5, 45),
	(1199, 1, 46),
	(1417, 2, 46),
	(1289, 3, 46),
	(1054, 4, 46),
	(893, 5, 46),
	(703, 1, 47),
	(766, 2, 47),
	(650, 3, 47),
	(644, 4, 47),
	(764, 5, 47),
	(831, 1, 48),
	(737, 2, 48),
	(769, 3, 48),
	(677, 4, 48),
	(669, 5, 48),
	(679, 1, 49),
	(755, 2, 49),
	(640, 3, 49),
	(833, 4, 49),
	(777, 5, 49),
	(827, 1, 50),
	(810, 2, 50),
	(655, 3, 50),
	(705, 4, 50),
	(668, 5, 50),
	(1864, 1, 51),
	(1665, 2, 51),
	(2392, 3, 51),
	(2634, 4, 51),
	(1926, 5, 51),
	(8800, 1, 52),
	(9533, 2, 52),
	(8003, 3, 52),
	(4923, 1, 53),
	(5017, 2, 53),
	(4538, 3, 53),
	(4741, 4, 53),
	(4764, 5, 53),
	(5355, 1, 54),
	(4579, 2, 54),
	(4762, 3, 54),
	(5164, 4, 54),
	(5431, 5, 54),
	(4984, 1, 55),
	(5066, 2, 55),
	(5429, 3, 55),
	(4263, 4, 55),
	(4897, 5, 55),
	(1153, 1, 56),
	(1278, 2, 56),
	(1247, 3, 56),
	(1077, 4, 56),
	(1092, 5, 56),
	(1232, 1, 57),
	(1145, 2, 57),
	(1094, 3, 57),
	(1155, 4, 57),
	(1098, 5, 57),
	(1271, 1, 58),
	(976, 2, 58),
	(977, 3, 58),
	(1015, 4, 58),
	(1101, 5, 58),
	(719, 1, 59),
	(737, 2, 59),
	(840, 3, 59),
	(746, 4, 59),
	(665, 5, 59),
	(621, 1, 60),
	(649, 2, 60),
	(807, 3, 60),
	(666, 4, 60),
	(733, 5, 60),
	(613, 1, 61),
	(838, 2, 61),
	(765, 3, 61),
	(755, 4, 61),
	(697, 5, 61),
	(587, 1, 62),
	(717, 2, 62),
	(739, 3, 62),
	(600, 4, 62),
	(776, 5, 62),
	(9904, 1, 63),
	(10421, 2, 63),
	(10678, 3, 63),
	(9249, 1, 64),
	(9298, 2, 64),
	(10389, 3, 64),
	(-1, 1, 65),
	(5175, 2, 65),
	(5646, 3, 65),
	(-1, 1, 66),
	(5033, 2, 66),
	(5223, 3, 66),
	(2635, 1, 67),
	(2346, 2, 67),
	(2309, 3, 67),
	(2683, 4, 67),
	(2823, 5, 67),
	(2176, 1, 68),
	(2692, 2, 68),
	(2625, 3, 68),
	(3041, 4, 68),
	(2834, 5, 68),
	(2555, 1, 69),
	(2265, 2, 69),
	(2147, 3, 69),
	(2863, 4, 69),
	(2693, 5, 69),
	(12673, 1, 70),
	(14432, 2, 70),
	(13415, 3, 70),
	(14801, 1, 71),
	(13932, 2, 71),
	(13746, 3, 71),
	(10267, 1, 72),
	(10742, 2, 72),
	(10076, 3, 72),
	(2446, 1, 73),
	(2863, 2, 73),
	(2696, 3, 73),
	(2268, 4, 73),
	(2829, 5, 73),
	(2350, 1, 74),
	(2519, 2, 74),
	(2524, 3, 74),
	(2369, 4, 74),
	(2741, 5, 74),
	(2956, 1, 75),
	(2720, 2, 75),
	(2563, 3, 75),
	(2486, 4, 75),
	(2342, 5, 75),
	(17158, 1, 76),
	(14678, 2, 76),
	(17394, 3, 76),
	(14831, 1, 77),
	(15133, 2, 77),
	(16985, 3, 77),
	(5510, 1, 78),
	(6298, 2, 78),
	(4267, 3, 78),
	(8742, 1, 79),
	(8539, 2, 79),
	(8235, 3, 79),
	(8221, 1, 80),
	(7878, 2, 80),
	(8470, 3, 80),
	(186, 1, 81),
	(299, 2, 81),
	(214, 3, 81),
	(363, 4, 81),
	(183, 5, 81),
	(217, 1, 82),
	(336, 2, 82),
	(214, 3, 82),
	(277, 4, 82),
	(259, 5, 82),
	(3250, 1, 83),
	(2254, 2, 83),
	(3398, 3, 83),
	(2486, 4, 83),
	(3229, 5, 83),
	(2139, 1, 84),
	(2344, 2, 84),
	(2425, 3, 84),
	(2495, 4, 84),
	(2602, 5, 84),
	(2515, 1, 85),
	(2237, 2, 85),
	(3066, 3, 85),
	(2635, 4, 85),
	(3207, 5, 85),
	(1206, 1, 86),
	(1096, 2, 86),
	(1295, 3, 86),
	(1164, 4, 86),
	(967, 5, 86),
	(736, 1, 87),
	(748, 2, 87),
	(863, 3, 87),
	(677, 4, 87),
	(625, 5, 87),
	(710, 1, 88),
	(749, 2, 88),
	(687, 3, 88),
	(672, 4, 88),
	(703, 5, 88),
	(559, 1, 89),
	(640, 2, 89),
	(533, 3, 89),
	(652, 4, 89),
	(-1, 5, 89),
	(4424, 1, 90),
	(4921, 2, 90),
	(4298, 3, 90),
	(4870, 4, 90),
	(4774, 5, 90),
	(4745, 1, 91),
	(4145, 2, 91),
	(5258, 3, 91),
	(4529, 4, 91),
	(4765, 5, 91),
	(3730, 1, 92),
	(3604, 2, 92),
	(3660, 3, 92),
	(3578, 4, 92),
	(4556, 5, 92),
	(14729, 1, 93),
	(12093, 2, 93),
	(12830, 3, 93),
	(12401, 1, 94),
	(13490, 2, 94),
	(12935, 3, 94),
	(550, 1, 95),
	(549, 2, 95),
	(497, 3, 95),
	(433, 4, 95),
	(559, 5, 95),
	(584, 1, 96),
	(527, 2, 96),
	(546, 3, 96),
	(481, 4, 96),
	(527, 5, 96),
	(630, 1, 97),
	(504, 2, 97),
	(539, 3, 97),
	(582, 4, 97),
	(579, 5, 97),
	(569, 1, 98),
	(532, 2, 98),
	(487, 3, 98),
	(576, 4, 98),
	(526, 5, 98),
	(862, 1, 99),
	(980, 2, 99),
	(953, 3, 99),
	(862, 4, 99),
	(950, 5, 99),
	(967, 1, 100),
	(1080, 2, 100),
	(992, 3, 100),
	(833, 4, 100),
	(976, 5, 100),
	(805, 1, 101),
	(1010, 2, 101),
	(708, 3, 101),
	(996, 4, 101),
	(857, 5, 101);








